EQUIPMENT,,,,,,,OUT,,,,,,,IN,,,,,,
,,,,,,,,,,,,,,,,,,,,
,,,,,,,,,,,,,,,,,,,,
,,,,,,,,,,,,,,,,,,,,
PRODUCT CODE,EQUIPMENT DESCRIPTION,BRAND,IN,OUT,AVAILABLE,,PRODUCT CODE,EQUIPMENT DESCRIPTION,Ticket ,TECH,DATE,QUANTITY,,PRODUCT CODE,EQUIPMENT DESCRIPTION,TICKET,TECH,DATE,QUANTITY,
1,WYSE,,101,81,20,,9,KEYBOARD USED,32232918,Jose D ,6/24/2025,1,,9,KEYBOARD USED,Update,Melanie,6/23/2025,3,
2,DESKTOP-LENOVO,,28,17,11,,85,Keyboard pad ,no ticket ,Stiven,6/24/2025,1,,70,Cable HDMI,Update,Melanie,6/23/2025,3,
3,DESKTOP-HP,,16,11,5,,6,HEADSET-VARIOS 3.5,32224078,Kevin ,6/23/2025,1,,11,MONITORS USED,Update,Melanie,6/23/2025,4,
4,HANDPUNCH,,3,0,3,,6,HEADSET-VARIOS 3.5,Forum ,Kevin ,6/23/2025,2,,12,MOUSE USED,Update,Melanie,6/23/2025,3,
5,HEADSET-PLANTRONICS,,113,87,26,,6,HEADSET-VARIOS 3.5,No ticket (Karla),Melanie ,6/23/2025,1,,70,Cable HDMI,32184549,Kevin ,6/16/2025,1,
6,HEADSET-VARIOS 3.5,,63,60,3,,2,DESKTOP-LENOVO,No ticket (Karla & Will),Stiven,6/23/2025,2,,16,PHONE,32184549,Kevin ,6/16/2025,1,
7,KEYBOARD NEW,,65,59,6,,11,MONITORS USED,32218875,Kevin ,6/22/2025,1,,9,KEYBOARD USED,32184549,Kevin ,6/16/2025,1,
8,KEYBOARD COMBO,,44,44,0,,86,Adaptador de red RJ45 a USB,Torre 2,Andres A,6/21/2025,2,,11,MONITORS USED,32184549,Kevin ,6/16/2025,1,
9,KEYBOARD USED,,51,42,9,,22,EARPADS,Torre 2,Andres A,6/21/2025,25,,2,DESKTOP-LENOVO,32184549,Kevin ,6/16/2025,1,
10,MONITORS NEW,,92,86,6,,1,WYSE,Torre 2,Andres A,6/21/2025,4,,3,DESKTOP-HP,32184549,Kevin ,6/16/2025,1,
11,MONITORS USED,,61,46,15,,87,Adaptador de red RJ45 a C ,Torre 2,Andres A,6/21/2025,1,,1,WYSE,32184549,Kevin ,6/16/2025,1,
12,MOUSE USED,,49,35,14,,34,WRISTPAD,Torre 2,Andres A,6/21/2025,2,,11,MONITORS USED,32169116,Kevin ,6/13/2025,1,
13,SECURITY WEBCAM,,2,2,0,,29,DUAL HDMI ADAPTER,Torre 2,Andres A,6/21/2025,2,,20,LAPTOPS NEW,Update,Melanie,6/12/2025,2,
79,Mouse Wireless ,,21,4,17,,31,DISPLAYPORT ADAPTER,Torre 2,Andres A,6/21/2025,4,,9,KEYBOARD USED,32149654,Stiven ,6/10/2025,1,
14,MOUSE NEW,,101,73,28,,18,SPEAKERS,Torre 2,Andres A,6/21/2025,2,,31,DISPLAYPORT ADAPTER,Update ,Melanie ,6/2/2025,30,
15,LAPTOPS USED,,14,13,1,,21,MOUSE PAD,Torre 2,Andres A,6/21/2025,4,,7,KEYBOARD NEW,Update ,Melanie ,6/2/2025,2,
16,PHONE,,91,70,21,,7,KEYBOARD NEW,Torre 2,Andres A,6/21/2025,4,,14,MOUSE NEW,Update ,Melanie ,6/2/2025,2,
17,TABLETS,,3,2,1,,10,MONITORS NEW,Torre 2,Andres A,6/21/2025,2,,3,DESKTOP-HP,Update ,Melanie ,6/2/2025,2,
18,SPEAKERS,,19,11,8,,31,DISPLAYPORT ADAPTER,32207466,Pablo ,6/20/2025,1,,60,Cable de red 2m ,32049658,Kevin ,5/28/2025,1,
19,POWER STRIP,,14,5,9,,59,Cable de red 1m ,No ticket,Jose D ,6/19/2025,3,,62,Cable de red  5m ,32049658,Kevin ,5/28/2025,1,
20,LAPTOPS NEW,,21,18,3,,1,WYSE,No ticket,Jose D ,6/19/2025,1,,12,MOUSE USED,32049658,Kevin ,5/28/2025,2,
21,MOUSE PAD,,58,39,19,,31,DISPLAYPORT ADAPTER,No ticket,Jose D ,6/19/2025,2,,1,WYSE,32049658,Kevin ,5/28/2025,1,
22,EARPADS,,90,44,46,,26,UPS USED,32202547,Pablo,6/19/2025,1,,16,PHONE,32049658,Kevin ,5/28/2025,1,
23,HUB USB WITH RJ45 PORT,,47,25,22,,16,PHONE,32184549,Kevin ,6/16/2025,1,,11,MONITORS USED,32049658,Kevin ,5/28/2025,1,
24,CHARGES AC LENOVO,,5,2,3,,1,WYSE,32184549,Kevin ,6/16/2025,1,,20,LAPTOPS NEW,Update ,Melanie ,5/27/2025,2,
25,UPS NEW,,7,6,1,,14,MOUSE NEW,32184549,Kevin ,6/16/2025,1,,6,HEADSET-VARIOS 3.5,Update ,Melanie ,5/27/2025,10,
26,UPS USED,,29,20,9,,31,DISPLAYPORT ADAPTER,32184549,Kevin ,6/16/2025,1,,2,DESKTOP-LENOVO,,,5/20/2025,1,
27,SSD SATA 512 GB,,2,1,1,,11,MONITORS USED,32184549,Kevin ,6/16/2025,3,,1,WYSE,,,5/20/2025,1,
28,SSD 2.5 256 GB,,9,8,1,,16,PHONE,32181171,Ronald,6/15/2025,1,,26,UPS USED,31951101,Ronald ,5/17/2025,2,
29,DUAL HDMI ADAPTER,,10,6,4,,10,MONITORS NEW,32169116,Kevin ,6/13/2025,1,,12,MOUSE USED,31938787,Ronald ,5/16/2025,1,
30,WEB CAM,,16,16,0,,31,DISPLAYPORT ADAPTER,32157927,Jose D ,6/11/2025,2,,1,WYSE,31938787,Ronald ,5/16/2025,3,
31,DISPLAYPORT ADAPTER,,193,178,15,,7,KEYBOARD NEW,32158938,Pablo ,6/11/2025,1,,23,HUB USB WITH RJ45 PORT,Update ,Melanie ,5/16/2025,19,
32,KEYBOARD ERGONOMIC,,7,4,3,,10,MONITORS NEW,32148958,Andres S,6/10/2025,2,,17,TABLETS,Update ,Melanie ,5/16/2025,1,
33,USB FLASH DRIVE 64 GB,,4,1,3,,31,DISPLAYPORT ADAPTER,Torre 2,Andres S,6/10/2025,10,,16,PHONE,Update ,Melanie ,5/16/2025,1,
34,WRISTPAD,,9,5,4,,7,KEYBOARD NEW,32149654,Stiven,6/10/2025,1,,79,Mouse Wireless ,Update ,Melanie ,5/16/2025,6,
35,MEMORY 4GB DDR4 LAPTOP,,8,2,6,,1,WYSE,32145873,Kevin ,6/9/2025,1,,12,MOUSE USED,Update ,Melanie ,5/16/2025,7,
36,MEMORY 8 GB DESKTOP,,2,2,0,,1,WYSE,32137778,Stiven,6/8/2025,1,,9,KEYBOARD USED,Update ,Melanie ,5/16/2025,3,
37,MEMORY 16 GB DESKTOP,,8,2,6,,16,PHONE,32106942,Kevin ,6/6/2025,1,,7,KEYBOARD NEW,Update ,Melanie ,5/16/2025,2,
38,SSD DATA DRIVE 1 TB M2,,4,2,2,,79,Mouse Wireless ,No ticket,Kevin ,6/5/2025,1,,5,HEADSET-PLANTRONICS,Update ,Melanie ,5/16/2025,2,
39,MEMORY 4GB DDR3 LAPTOP,,12,3,9,,79,Mouse Wireless ,32097204,Pablo,6/3/2025,2,,1,WYSE,Update ,Melanie ,5/16/2025,5,
40,DISCO MECANICO,,34,0,34,,7,KEYBOARD NEW,No ticket,Ronald ,6/1/2025,1,,12,MOUSE USED,Update ,Stiven ,5/7/2025,1,
41,HEADSET USADOS,,8,5,3,,7,KEYBOARD NEW,32080367,Stiven,6/1/2025,1,,31,DISPLAYPORT ADAPTER,31619287,Ronald,5/5/2025,2,
42,MEMORY 8GB LAPTOP,,7,3,4,,16,PHONE,32067433,Kevin ,5/30/2025,1,,11,MONITORS USED,31619288,Ronald,5/5/2025,3,
43,SSD SATA 240 GB,,4,4,0,,20,LAPTOPS NEW,32049150,Andres A,5/28/2025,1,,59,Cable de red 1m ,31619289,Ronald,5/5/2025,3,
44,MEMORY 16 GB DDR4 LAPTOP,,5,5,0,,36,MEMORY 8 GB DESKTOP,No ticket,Ronald ,5/26/2025,1,,60,Cable de red 2m ,31619290,Ronald,5/6/2025,3,
45,SUPRESORES DE PICO,,10,3,7,,31,DISPLAYPORT ADAPTER,32005142,Jose D ,5/23/2025,1,,63,Cable de red 3m ,31619291,Ronald,5/5/2025,3,
47,XP-PEN para Imac,,1,0,1,,1,WYSE,No ticket Danilo ,Andres A,5/20/2025,1,,11,MONITORS USED,31619287,Ronald,5/2/2025,1,
48,Ventiladores,,1,0,1,,11,MONITORS USED,No ticket Danilo ,Andres A,5/20/2025,2,,12,MOUSE USED,31619287,Ronald,5/2/2025,1,
49,Pasta Termica,,2,0,2,,31,DISPLAYPORT ADAPTER,No ticket Danilo ,Andres A,5/20/2025,2,,1,WYSE,31619287,Ronald,5/2/2025,1,
50,Cable de corriente (Compu) ,,15,0,15,,70,Cable HDMI,No ticket Danilo ,Andres A,5/20/2025,2,,9,KEYBOARD USED,31619287,Ronald,5/2/2025,1,
51,Cable de corriente (Cargador),,11,0,11,,1,WYSE,31974927,Kevin ,5/20/2025,1,,16,PHONE,31619287,Ronald,5/2/2025,1,
52,Extensores ,,2,0,2,,31,DISPLAYPORT ADAPTER,31974927,Kevin ,5/20/2025,1,,16,PHONE,31619287,Ronald,4/18/2025,1,
53,Cable de corriente de 2 espigas,,5,0,5,,10,MONITORS NEW,31974927,Kevin ,5/20/2025,1,,1,WYSE,31619287,Ronald,4/18/2025,2,
54,Cargador Lenovo (Laptop),,4,0,4,,7,KEYBOARD NEW,31967366,Pablo,5/19/2025,1,,11,MONITORS USED,31619287,Ronald,4/18/2025,2,
55,Cargador HP (Laptop),,2,0,2,,5,HEADSET-PLANTRONICS,31956795,Jose D ,5/18/2025,1,,12,MOUSE USED,31619287,Ronald,4/18/2025,1,
56,Cable VGA,,7,1,6,,26,UPS USED,31951101,Ronald ,5/17/2025,1,,9,KEYBOARD USED,31619287,Ronald,4/18/2025,2,
57,Cable DVI - VGA -VI(doble),,0,0,0,,5,HEADSET-PLANTRONICS,31945980,Jose D ,5/16/2025,1,,15,LAPTOPS USED,No ticket,Andres A ,4/16/2025,1,
58,Cable de extension ,,2,0,2,,16,PHONE,31824902,Stiven,5/16/2025,1,,9,KEYBOARD USED,31672697,Ronald,4/13/2025,1,
59,Cable de red 1m ,,25,27,-2,,59,Cable de red 1m ,31824902,Stiven,5/16/2025,1,,9,KEYBOARD USED,31654765,Ronald ,4/12/2025,1,
60,Cable de red 2m ,,45,2,43,,63,Cable de red 3m ,31824902,Stiven,5/16/2025,1,,26,UPS USED,31614583,Ronald ,4/12/2025,1,
61,Cable de red 30cm ,,286,101,185,,70,Cable HDMI,31938787,Ronald ,5/16/2025,3,,10,MONITORS NEW,No ticket,Melanie,4/4/2025,10,
62,Cable de red  5m ,,49,4,45,,31,DISPLAYPORT ADAPTER,31938787,Ronald ,5/16/2025,3,,20,LAPTOPS NEW,No ticket,Melanie,4/4/2025,2,
63,Cable de red 3m ,,21,14,7,,11,MONITORS USED,31938787,Ronald ,5/16/2025,3,,18,SPEAKERS,No ticket,Melanie,4/4/2025,10,
64,Cable de red 6m ,,1,0,1,,1,WYSE,31938787,Ronald ,5/16/2025,3,,87,Adaptador de red RJ45 a C ,No ticket,Melanie,4/4/2025,8,
65,Cargador de wyse 19.5V - 6.7A,,25,0,25,,31,DISPLAYPORT ADAPTER,Update ,Melanie,5/16/2025,5,,23,HUB USB WITH RJ45 PORT,No ticket,Melanie,4/4/2025,2,
66,Cargador de wyse 19.5V - 3.34A,,31,0,31,,21,MOUSE PAD,Pablo ,Pablo,5/15/2025,1,,86,Adaptador de red RJ45 a USB,No ticket,Melanie,4/4/2025,8,
67,Cargador de wyse 19V -3.42A,,36,0,36,,15,LAPTOPS USED,Update ,Melanie,5/16/2025,1,,7,KEYBOARD NEW,No ticket,Melanie,4/4/2025,20,
68,Cargador 12 - 2A,,10,0,10,,14,MOUSE NEW,Update ,Melanie,5/16/2025,4,,31,DISPLAYPORT ADAPTER,No ticket,Melanie,4/4/2025,30,
69,Cargador 19V - 1.31A,,7,0,7,,13,SECURITY WEBCAM,Update ,Melanie ,5/16/2025,2,,5,HEADSET-PLANTRONICS,No ticket,Melanie ,4/3/2025,20,
70,Cable HDMI,,24,20,4,,2,DESKTOP-LENOVO,Update ,Melanie,5/16/2025,1,,60,Cable de red 2m ,31507545,Pablo ,3/25/2025,1,
71,Cable DVI - HDMI,,25,0,25,,32,KEYBOARD ERGONOMIC,HR ,Melanie,5/15/2025,1,,1,WYSE,Update ,Melanie ,3/24/2025,18,
72,Colochos de headset,,21,0,21,,79,Mouse Wireless ,HR ,Melanie,5/15/2025,1,,26,UPS USED,31424006,Stiven,3/18/2025,1,
75,Cargador PC Lenovo ,,14,0,14,,3,DESKTOP-HP,Forum ,Melanie,5/14/2025,2,,39,MEMORY 4GB DDR3 LAPTOP,Update ,Andres A,3/18/2025,2,
76,Cargador Monitor LG,,3,0,3,,11,MONITORS USED,Torre 2,Melanie,5/15/2025,2,,6,HEADSET-VARIOS 3.5,Update ,Melanie ,3/17/2025,10,
77,Cargador Monitor Samsung ,,3,0,3,,1,WYSE,31885147,Andres A,5/9/2025,1,,14,MOUSE NEW,Update,Andres A ,3/15/2025,1,
78,Handset,,33,3,30,,70,Cable HDMI,31885147,Andres A,5/9/2025,6,,85,Keyboard pad ,Update ,Melanie ,3/10/2025,5,
85,Keyboard pad ,,,,,,31,DISPLAYPORT ADAPTER,31885147,Andres A,5/9/2025,6,,26,UPS USED,Update,Melanie ,3/10/2025,6,
86,Adaptador de red RJ45 a USB,,16,6,10,,14,MOUSE NEW,31885147,Andres A,5/9/2025,4,,16,PHONE,Update,Melanie ,3/10/2025,7,
87,Adaptador de red RJ45 a C ,,,,5,,12,MOUSE USED,31885147,Andres A,5/9/2025,2,,15,LAPTOPS USED,Update,Melanie ,3/10/2025,3,
88,,,,,,,26,UPS USED,31885147,Andres A,5/9/2025,1,,14,MOUSE NEW,Update,Melanie ,3/10/2025,11,
,,,,,,,31,DISPLAYPORT ADAPTER,No ticket ,Jose D ,5/9/2025,1,,10,MONITORS NEW,Update ,Melanie ,3/10/2025,1,
,,,,,,,31,DISPLAYPORT ADAPTER,31878226,Andres A,5/8/2025,1,,2,DESKTOP-LENOVO,Update ,Melanie ,3/10/2025,12,
,,,,,,,70,Cable HDMI,31878226,Andres A,5/8/2025,1,,1,WYSE,Update ,Melanie ,3/10/2025,5,
,,,,,,,7,KEYBOARD NEW,Torre 2,Jose D ,5/6/2025,1,,9,KEYBOARD USED,1296544,Melanie ,3/4/2025,1,
,,,,,,,9,KEYBOARD USED,Torre 2,Jose D ,5/6/2025,2,,12,MOUSE USED,31216372,Ronald ,2/25/2025,2,
,,,,,,,11,MONITORS USED,31859867,Pablo ,5/6/2025,1,,1,WYSE,31231781,Ronald ,2/25/2025,1,
,,,,,,,11,MONITORS USED,31860124,Ronald ,5/6/2025,2,,11,MONITORS USED,Update ,IT TEAM ,2/25/2025,15,
,,,,,,,86,Adaptador de red RJ45 a USB,31853297,Pablo ,5/5/2025,1,,70,Cable HDMI,Update,Andres A,2/25/2025,3,
,,,,,,,62,Cable de red  5m ,31853297,Pablo ,5/5/2025,1,,16,PHONE,Update ,Melanie ,2/18/2025,23,
,,,,,,,31,DISPLAYPORT ADAPTER,31844671,Andres A,5/4/2025,1,,14,MOUSE NEW,Update ,Melanie ,2/17/2025,20,
,,,,,,,70,Cable HDMI,31844671,Andres A,5/4/2025,1,,81,not exist,Update,Melanie ,2/17/2025,5,
,,,,,,,26,UPS USED,31844515,Stiven,5/4/2025,1,,32,KEYBOARD ERGONOMIC,Update,Melanie,2/17/2025,5,
,,,,,,,16,PHONE,31824782,Pablo,5/2/2025,1,,31,DISPLAYPORT ADAPTER,Update ,Melanie ,2/17/2025,32,
,,,,,,,9,KEYBOARD USED,31814705,Andres A,5/1/2025,1,,6,HEADSET-VARIOS 3.5,Update ,Melanie,2/17/2025,5,
,,,,,,,2,DESKTOP-LENOVO,31814705,Andres A,5/1/2025,1,,26,UPS USED,31126790,Ronald ,2/13/2025,1,
,,,,,,,31,DISPLAYPORT ADAPTER,Torre 2,Andres A,4/27/2025,6,,11,MONITORS USED,,Pablo ,2/11/2025,1,
,,,,,,,1,WYSE,31784654,Andres A,4/27/2025,1,,11,MONITORS USED,No ticket,Ronald,2/11/2025,1,
,,,,,,,5,HEADSET-PLANTRONICS,31766642,Andres A,4/25/2025,2,,12,MOUSE USED,Update ,Andres A ,2/10/2025,1,
,,,,,,,31,DISPLAYPORT ADAPTER,31766548,Jose D ,4/25/2025,1,,9,KEYBOARD USED,Update,Andres A,2/10/2025,1,
,,,,,,,3,DESKTOP-HP,No ticket (will),Andres A,4/24/2025,1,,59,Cable de red 1m ,Update ,Andres A,2/10/2025,1,
,,,,,,,7,KEYBOARD NEW,31756258,Ronald ,4/24/2025,1,,63,Cable de red 3m ,Update,Andres A,2/10/2025,1,
,,,,,,,7,KEYBOARD NEW,31756641,Ronald ,4/24/2025,1,,9,KEYBOARD USED,31104342,Stiven,2/10/2025,1,
,,,,,,,7,KEYBOARD NEW,31712490,Pablo ,4/19/2025,1,,11,MONITORS USED,31087955,Jose D ,2/9/2025,1,
,,,,,,,16,PHONE,31704508,Andres A,4/18/2025,1,,1,WYSE,31087955,Jose D,2/9/2025,1,
,,,,,,,16,PHONE,31692694,Pablo ,4/17/2025,1,,9,KEYBOARD USED,31065648,Pablo ,2/7/2025,1,
,,,,,,,31,DISPLAYPORT ADAPTER,Torre 2,Jose D ,4/16/2025,4,,14,MOUSE NEW,31065648,Pablo ,2/7/2025,1,
,,,,,,,16,PHONE,31684090,Andres A,4/16/2025,1,,8,KEYBOARD COMBO,Update ,Melanie ,2/5/2025,15,
,,,,,,,20,LAPTOPS NEW,No ticket ,Andres A,4/16/2025,1,,16,PHONE,Update ,Melanie ,2/5/2025,5,
,,,,,,,15,LAPTOPS USED,Forum ,Melanie ,4/15/2025,2,,14,MOUSE NEW,Update ,Melanie ,1/30/2025,1,
,,,,,,,9,KEYBOARD USED,31672697,Ronald,4/13/2025,1,,14,MOUSE NEW,Update ,Jose Daniel ,1/30/2025,1,
,,,,,,,14,MOUSE NEW,31671255,Andres A,4/13/2025,1,,20,LAPTOPS NEW,Update ,Melanie ,1/29/2025,2,
,,,,,,,31,DISPLAYPORT ADAPTER,31664617,Pablo ,4/13/2025,1,,16,PHONE,Update ,Melanie ,1/29/2025,3,
,,,,,,,6,HEADSET-VARIOS 3.5,31654765,Stiven,4/12/2025,1,,79,Mouse Wireless ,Update ,Melanie ,1/29/2025,15,
,,,,,,,7,KEYBOARD NEW,31654765,Ronald ,4/12/2025,1,,8,KEYBOARD COMBO,Update ,Melanie ,1/29/2025,15,
,,,,,,,31,DISPLAYPORT ADAPTER,31647885,Andres S ,4/11/2025,2,,14,MOUSE NEW,Update ,Melanie,1/23/2025,2,
,,,,,,,6,HEADSET-VARIOS 3.5,31646278,Pablo ,4/11/2025,1,,12,MOUSE USED,Update ,Melanie,1/22/2025,3,
,,,,,,,22,EARPADS,31646620,Andres A,4/11/2025,1,,9,KEYBOARD USED,30864564,Stiven,1/20/2025,1,
,,,,,,,31,DISPLAYPORT ADAPTER,31639952,Ronald ,4/10/2025,1,,8,KEYBOARD COMBO,Update,Andres A,1/20/2025,2,
,,,,,,,6,HEADSET-VARIOS 3.5,31639118,Stiven,4/10/2025,1,,16,PHONE,Update,Andres A,1/20/2025,2,
,,,,,,,7,KEYBOARD NEW,31639142,Andres A,4/10/2025,1,,10,MONITORS NEW,Update,Melanie ,1/17/2025,2,
,,,,,,,10,MONITORS NEW,Torre 2,Pablo ,4/9/2025,2,,1,WYSE,Update,Melanie ,1/17/2025,1,
,,,,,,,30,WEB CAM,31632172,Andres A,4/9/2025,1,,31,DISPLAYPORT ADAPTER,Update,Melanie ,1/17/2025,2,
,,,,,,,7,KEYBOARD NEW,31630429,Andres A,4/9/2025,1,,9,KEYBOARD USED,Update,Melanie ,1/17/2025,1,
,,,,,,,7,KEYBOARD NEW,31629792,Melanie ,4/9/2025,1,,14,MOUSE NEW,Update,Melanie ,1/17/2025,1,
,,,,,,,26,UPS USED,31614583,Ronald ,4/7/2025,1,,31,DISPLAYPORT ADAPTER,Update,Melanie ,1/17/2025,2,
,,,,,,,26,UPS USED,31603596,Ronald ,4/5/2025,1,,59,Cable de red 1m ,Update,Melanie ,1/17/2025,1,
,,,,,,,7,KEYBOARD NEW,31592136,Pablo ,4/4/2025,1,,63,Cable de red 3m ,Update,Melanie ,1/17/2025,1,
,,,,,,,16,PHONE,31590917,Pablo ,4/4/2025,1,,16,PHONE,30810591,Pablo,1/15/2025,1,
,,,,,,,31,DISPLAYPORT ADAPTER,31580998,Andres A,4/3/2025,1,,9,KEYBOARD USED,30801638,Melanie,1/14/2025,1,
,,,,,,,8,KEYBOARD COMBO,31572343,Andres A,4/2/2025,1,,6,HEADSET-VARIOS 3.5,Update ,Melanie ,1/13/2025,5,
,,,,,,,9,KEYBOARD USED,31569536,Ronald ,4/2/2025,1,,31,DISPLAYPORT ADAPTER,Update,Melanie,1/9/2025,13,
,,,,,,,6,HEADSET-VARIOS 3.5,31563262,Pablo ,4/1/2025,1,,9,KEYBOARD USED,30746733,Stiven,1/9/2025,2,
,,,,,,,22,EARPADS,31555913,Andres A,3/31/2025,1,,31,DISPLAYPORT ADAPTER,Update,Jose D,1/8/2025,1,
,,,,,,,31,DISPLAYPORT ADAPTER,31532958,Jose D ,3/29/2025,4,,22,EARPADS,Update,Melanie,1/8/2025,77,
,,,,,,,11,MONITORS USED,31532958,Jose D ,3/29/2025,2,,1,WYSE,Update ,Jose D,1/7/2025,2,
,,,,,,,14,MOUSE NEW,31540918,Jose D ,3/29/2025,1,,11,MONITORS USED,Update ,Jose D,1/8/2025,1,
,,,,,,,31,DISPLAYPORT ADAPTER,31539031,Andres A,3/29/2025,1,,78,Handset,Update,Melanie,1/7/2025,30,
,,,,,,,22,EARPADS,No ticket ,Melanie ,3/28/2025,1,,31,DISPLAYPORT ADAPTER,Update,Melanie,12/27/2024,1,
,,,,,,,14,MOUSE NEW,31519858,Pablo,3/28/2025,1,,59,Cable de red 1m ,Update,Melanie,12/27/2024,12,
,,,,,,,78,Handset,31522297,Pablo ,3/27/2025,1,,62,Cable de red  5m ,Update,Melanie,12/27/2024,7,
,,,,,,,22,EARPADS,31514476,Melanie ,3/26/2025,1,,25,UPS NEW,Update,Melanie,1/7/2025,3,
,,,,,,,2,DESKTOP-LENOVO,No ticket ,Pablo ,3/26/2025,1,,11,MONITORS USED,30565085,Pablo,12/21/2024,1,
,,,,,,,1,WYSE,31496011,Stiven,3/26/2025,1,,14,MOUSE NEW,Update,Melanie,12/19/2024,15,
,,,,,,,16,PHONE,31510519,Stiven,3/26/2025,1,,14,MOUSE NEW, 30479182,Jose D,12/16/2024,2,
,,,,,,,62,Cable de red  5m ,31507545,Pablo ,3/25/2025,1,,1,WYSE,Update ,Jose L. ,12/10/2024,3,
,,,,,,,2,DESKTOP-LENOVO,31504584,Andres A,3/25/2025,2,,41,HEADSET USADOS,Update ,Melanie,12/10/2024,1,
,,,,,,,61,Cable de red 30cm ,No ticket,Melanie ,3/25/2025,100,,5,HEADSET-PLANTRONICS,Update,Melanie,12/10/2024,20,
,,,,,,,86,Adaptador de red RJ45 a USB,31496686,Ronald ,3/24/2025,1,,30,WEB CAM,Update ,Melanie,12/5/2024,5,
,,,,,,,10,MONITORS NEW,No ticket ,Pablo,3/24/2025,2,,20,LAPTOPS NEW,Update,Melanie,12/5/2024,3,
,,,,,,,22,EARPADS,31490731,Jose D ,3/24/2025,1,,11,MONITORS USED,Update,Melanie,12/5/2024,1,
,,,,,,,86,Adaptador de red RJ45 a USB,31481119,Andres A,3/23/2025,1,,78,Handset,Update,Melanie,12/3/2024,3,
,,,,,,,1,WYSE,No ticket ,Andres A,3/22/2025,1,,6,HEADSET-VARIOS 3.5,Update,Melanie,12/3/2024,2,
,,,,,,,14,MOUSE NEW,31461941,Andres A,3/21/2025,1,,11,MONITORS USED,30281124,Jose D,11/29/2024,2,
,,,,,,,14,MOUSE NEW,31457785,Melanie,3/21/2025,1,,5,HEADSET-PLANTRONICS,Update ,Melanie,11/20/2024,1,
,,,,,,,6,HEADSET-VARIOS 3.5,31431049,Stiven,3/19/2025,1,,11,MONITORS USED,Update ,Pablo,11/20/2024,2,
,,,,,,,31,DISPLAYPORT ADAPTER,31430900,Pablo ,3/19/2025,1,,52,Extensores ,Update,Melanie,11/19/2024,2,
,,,,,,,26,UPS USED,31424006,Stiven,3/18/2025,1,,53,Cable de corriente de 2 espigas,Update,Melanie,11/19/2024,5,
,,,,,,,2,DESKTOP-LENOVO,31422481,Stiven,3/18/2025,1,,54,Cargador Lenovo (Laptop),Update,Melanie,11/19/2024,4,
,,,,,,,59,Cable de red 1m ,31422481,Stiven,3/18/2025,1,,55,Cargador HP (Laptop),Update,Melanie,11/19/2024,2,
,,,,,,,9,KEYBOARD USED,31422481,Stiven,3/18/2025,1,,56,Cable VGA,Update,Melanie,11/19/2024,7,
,,,,,,,11,MONITORS USED,31422481,Stiven,3/18/2025,2,, ,not exist,Update,Melanie,11/19/2024,5,
,,,,,,,31,DISPLAYPORT ADAPTER,31419740,Andres A,3/18/2025,1,,58,Cable de extension ,Update,Melanie,11/19/2024,2,
,,,,,,,31,DISPLAYPORT ADAPTER,Torre 2,Andres A,3/18/2025,2,,59,Cable de red 1m ,Update,Melanie,11/19/2024,8,
,,,,,,,14,MOUSE NEW,No ticket ,Andres A,3/18/2025,1,,60,Cable de red 2m ,Update,Melanie,11/19/2024,40,
,,,,,,,15,LAPTOPS USED,31417001,Andres A,3/17/2025,1,,61,Cable de red 30cm ,Update,Melanie,11/19/2024,286,
,,,,,,,42,MEMORY 8GB LAPTOP,31417001,Andres A,3/17/2025,1,,62,Cable de red  5m ,Update,Melanie,11/19/2024,41,
,,,,,,,86,Adaptador de red RJ45 a USB,31417001,Andres A,3/17/2025,1,,63,Cable de red 3m ,Update,Melanie,11/19/2024,16,
,,,,,,,6,HEADSET-VARIOS 3.5,Torre 2,Melanie ,3/17/2025,2,,64,Cable de red 6m ,Update,Melanie,11/19/2024,1,
,,,,,,,6,HEADSET-VARIOS 3.5,FORUM ,Melanie ,3/17/2025,4,,65,Cargador de wyse 19.5V - 6.7A,Update,Melanie,11/19/2024,5,
,,,,,,,38,SSD DATA DRIVE 1 TB M2,No ticket ,Pablo ,3/16/2025,1,,66,Cargador de wyse 19.5V - 3.34A,Update,Melanie,11/19/2024,1,
,,,,,,,8,KEYBOARD COMBO,31398039,Andres A,3/15/2025,1,,67,Cargador de wyse 19V -3.42A,Update,Melanie,11/19/2024,6,
,,,,,,,31,DISPLAYPORT ADAPTER,31394348,Pablo,3/15/2025,1,,68,Cargador 12 - 2A,Update,Melanie,11/19/2024,10,
,,,,,,,14,MOUSE NEW,31393362,Pablo ,3/13/2025,1,,69,Cargador 19V - 1.31A,Update,Melanie,11/19/2024,5,
,,,,,,,23,HUB USB WITH RJ45 PORT,FORUM ,Melanie,3/14/2025,1,,70,Cable HDMI,Update,Melanie,11/19/2024,17,
,,,,,,,16,PHONE,31381439,Stiven,3/14/2025,1,,71,Cable DVI - HDMI,Update,Melanie,11/19/2024,25,
,,,,,,,11,MONITORS USED,31381329,Stiven,3/14/2025,1,,72,Colochos de headset,Update,Melanie,11/19/2024,21,
,,,,,,,78,Handset,31376207,Jose D ,3/13/2025,1,,23,HUB USB WITH RJ45 PORT,Update,Melanie,11/19/2024,12,
,,,,,,,23,HUB USB WITH RJ45 PORT,31372807,Andres A,3/13/2025,1,,74,not exist,Update,Melanie,11/19/2024,5,
,,,,,,,9,KEYBOARD USED,31371913,Andres A,3/13/2025,1,,75,Cargador PC Lenovo ,Update,Melanie,11/19/2024,14,
,,,,,,,21,MOUSE PAD,31352943,Jose D ,3/11/2025,1,,76,Cargador Monitor LG,Update,Melanie,11/19/2024,3,
,,,,,,,61,Cable de red 30cm ,31353585,Jose D ,3/11/2025,1,,77,Cargador Monitor Samsung ,Update,Melanie,11/19/2024,3,
,,,,,,,31,DISPLAYPORT ADAPTER,31312103,Jose D ,3/11/2025,1,,51,Cable de corriente (Cargador),Update,Melanie,11/19/2024,11,
,,,,,,,70,Cable HDMI,Update ,Melanie ,3/10/2025,1,,50,Cable de corriente (Compu) ,Update ,Melanie,11/19/2024,15,
,,,,,,,32,KEYBOARD ERGONOMIC,Update ,Melanie ,3/10/2025,1,,42,MEMORY 8GB LAPTOP,Update,Melanie,11/18/2024,6,
,,,,,,,30,WEB CAM,FORUM ,Melanie ,3/10/2025,5,,42,MEMORY 8GB LAPTOP,Update,Andres A,11/17/2024,1,
,,,,,,,31,DISPLAYPORT ADAPTER,Update,Melanie ,3/10/2025,2,,5,HEADSET-PLANTRONICS,Update,Pablo,11/8/2024,3,
,,,,,,,29,DUAL HDMI ADAPTER,Update,Melanie ,3/10/2025,2,,11,MONITORS USED,Update,Pablo,11/7/2024,1,
,,,,,,,23,HUB USB WITH RJ45 PORT,Update,Melanie ,3/10/2025,11,,21,MOUSE PAD,Update,Pablo,11/7/2024,29,
,,,,,,,22,EARPADS,Update ,Melanie ,3/10/2025,1,,16,PHONE,Update,Pablo,11/7/2024,14,
,,,,,,,20,LAPTOPS NEW,Update ,Melanie ,3/10/2025,2,,10,MONITORS NEW,Update,Pablo,11/7/2024,20,
,,,,,,,12,MOUSE USED,Update ,Melanie ,3/10/2025,7,,1,WYSE,Update,Pablo,11/7/2024,14,
,,,,,,,8,KEYBOARD COMBO,Update ,Melanie ,3/10/2025,16,,26,UPS USED,30088719,Stiven,11/1/2024,1,
,,,,,,,7,KEYBOARD NEW,Update ,Melanie ,3/10/2025,1,,12,MOUSE USED,Update,Pablo,11/1/2024,1,
,,,,,,,6,HEADSET-VARIOS 3.5,Update ,Melanie ,3/10/2025,2,,9,KEYBOARD USED,Update,Pablo,11/1/2024,1,
,,,,,,,5,HEADSET-PLANTRONICS,Update ,Melanie ,3/10/2025,1,,11,MONITORS USED,Update,Pablo,10/26/2024,2,
,,,,,,,9,KEYBOARD USED,31345080,Andres A,3/9/2025,1,,16,PHONE,Update,Pablo,10/23/2024,1,
,,,,,,,18,SPEAKERS,31341863,Andres A,3/9/2025,1,,6,HEADSET-VARIOS 3.5,Update,Andres A,10/23/2024,1,
,,,,,,,8,KEYBOARD COMBO,31328418,Andres A,3/8/2025,1,,19,POWER STRIP,Update,Andres A,10/23/2024,2,
,,,,,,,31,DISPLAYPORT ADAPTER,31328418,Andres A,3/8/2025,3,,26,UPS USED,Update,Andres A,10/23/2024,4,
,,,,,,,63,Cable de red 3m ,31328418,Andres A,3/8/2025,1,,3,DESKTOP-HP,Update,Pablo,10/23/2024,5,
,,,,,,,16,PHONE,31328418,Andres A,3/8/2025,1,,37,MEMORY 16 GB DESKTOP,Update,Pablo,10/16/2024,2,
,,,,,,,1,WYSE,31328418,Andres A,3/8/2025,1,,30,WEB CAM,Update,Pablo,10/16/2024,3,
,,,,,,,11,MONITORS USED,31328418,Andres A,3/8/2025,3,,5,HEADSET-PLANTRONICS,Update,Pablo,10/16/2024,25,
,,,,,,,2,DESKTOP-LENOVO,No ticket,Andres A,3/7/2025,1,,12,MOUSE USED,Update,Jose D,10/15/2024,1,
,,,,,,,5,HEADSET-PLANTRONICS,31312103,Andres A,3/6/2025,1,,9,KEYBOARD USED,Update,Pablo,10/9/2024,2,
,,,,,,,5,HEADSET-PLANTRONICS,31297352,Stiven,3/6/2025,2,,5,HEADSET-PLANTRONICS,Update,Pablo,10/9/2024,2,
,,,,,,,8,KEYBOARD COMBO,Torre 2,Andres A,3/5/2025,2,,1,WYSE,Update,Pablo,10/1/2024,1,
,,,,,,,1,WYSE,Torre 2,Andres A,3/5/2025,2,,5,HEADSET-PLANTRONICS,Update,Pablo,9/30/2024,2,
,,,,,,,16,PHONE,31300737,Andres A,3/5/2025,1,,20,LAPTOPS NEW,Update,Pablo,9/25/2024,5,
,,,,,,,1,WYSE,31297352,Stiven,3/5/2025,1,,19,POWER STRIP,Update,Pablo,9/24/2024,1,
,,,,,,,16,PHONE,31297352,Stiven,3/5/2025,1,,31,DISPLAYPORT ADAPTER,Update,Andres A,9/24/2024,3,
,,,,,,,16,PHONE,31295615,Jose D ,3/4/2025,1,,14,MOUSE NEW,Update,Pablo,9/23/2024,20,
,,,,,,,8,KEYBOARD COMBO,1296544,Melanie ,3/4/2025,1,,31,DISPLAYPORT ADAPTER,Update,Pablo,9/23/2024,20,
,,,,,,,21,MOUSE PAD,FORUM ,Melanie,3/4/2025,10,,49,Pasta Termica,Update,Pablo,9/23/2024,2,
,,,,,,,18,SPEAKERS,31289322,Stiven,3/3/2025,1,,33,USB FLASH DRIVE 64 GB,Update,Pablo,9/23/2024,3,
,,,,,,,8,KEYBOARD COMBO,31281935,Stiven,3/2/2025,1,,48,Ventiladores,Update,Pablo,9/23/2024,1,
,,,,,,,70,Cable HDMI,31272994,Ronald,3/1/2025,1,,28,SSD 2.5 256 GB,Update,Pablo,9/23/2024,5,
,,,,,,,31,DISPLAYPORT ADAPTER,31272994,Ronald,3/1/2025,2,,6,HEADSET-VARIOS 3.5,Update,Pablo,9/23/2024,7,
,,,,,,,6,HEADSET-VARIOS 3.5,31268666,Stiven,3/1/2025,1,,21,MOUSE PAD,Update,Pablo,9/23/2024,15,
,,,,,,,31,DISPLAYPORT ADAPTER,31267888,Ronald,3/1/2025,4,,47,XP-PEN para Imac,Update,Andres A,9/22/2024,1,
,,,,,,,31,DISPLAYPORT ADAPTER,31258385,Pablo ,2/28/2025,1,,5,HEADSET-PLANTRONICS,Update,Andres A,9/22/2024,4,
,,,,,,,70,Cable HDMI,31250751,Ronald ,2/28/2024,1,,9,KEYBOARD USED,Update,Andres A,9/19/2024,4,
,,,,,,,24,CHARGES AC LENOVO,31220832,Jose D ,2/26/2025,1,,9,KEYBOARD USED,Update,Andres A,9/15/2024,5,
,,,,,,,16,PHONE,31235924,Jose D ,2/26/2025,1,,11,MONITORS USED,Update,Andres A,9/15/2024,1,
,,,,,,,1,WYSE,31235924,Jose D ,2/27/2025,1,,12,MOUSE USED,Update,Andres A,9/15/2024,10,
,,,,,,,63,Cable de red 3m ,31235924,Jose D ,2/28/2025,2,,14,MOUSE NEW,Update,Andres A,9/15/2024,3,
,,,,,,,31,DISPLAYPORT ADAPTER,31235924,Jose D ,3/1/2025,2,,1,WYSE,Update,Pablo,7/22/2024,16,
,,,,,,,10,MONITORS NEW,31235924,Jose D ,3/2/2025,2,,2,DESKTOP-LENOVO,Update,Pablo,7/22/2024,12,
,,,,,,,8,KEYBOARD COMBO,31235924,Jose D ,3/3/2025,1,,3,DESKTOP-HP,Update,Pablo,7/22/2024,8,
,,,,,,,26,UPS USED,31223875,Ronald ,2/24/2025,1,,4,HANDPUNCH,Update,Pablo,7/22/2024,3,
,,,,,,,14,MOUSE NEW,31223525,Ronald ,2/24/2025,1,,5,HEADSET-PLANTRONICS,Update,Pablo,7/22/2024,12,
,,,,,,,9,KEYBOARD USED,31217465,Jose D ,2/23//2025,1,,6,HEADSET-VARIOS 3.5,Update,Pablo,7/22/2024,15,
,,,,,,,70,Cable HDMI,31215067,Ronald ,2/23/2025,1,,7,KEYBOARD NEW,Update,Pablo,7/22/2024,41,
,,,,,,,70,Cable HDMI,31216372,Ronald,2/23/2025,1,,8,KEYBOARD COMBO,Update,Pablo,7/22/2024,7,
,,,,,,,31,DISPLAYPORT ADAPTER,31216372,Ronald,2/23/2025,2,,9,KEYBOARD USED,Update,Pablo,7/22/2024,15,
,,,,,,,16,PHONE,31215182,Pablo ,2/23/2025,1,,10,MONITORS NEW,Update,Pablo,7/22/2024,6,
,,,,,,,5,HEADSET-PLANTRONICS,31207999,Stiven,2/22/2025,3,,11,MONITORS USED,Update,Pablo,7/22/2024,17,
,,,,,,,23,HUB USB WITH RJ45 PORT,31197741,Andres A,2/21/2025,1,,12,MOUSE USED,Update,Pablo,7/22/2024,13,
,,,,,,,1,WYSE,31197941,Pablo ,2/21/2025,1,,13,SECURITY WEBCAM,Update,Pablo,7/22/2024,2,
,,,,,,,62,Cable de red  5m ,No ticket ,Jose D ,2/19/2025,1,,14,MOUSE NEW,Update,Pablo,7/22/2024,1,
,,,,,,,16,PHONE,No ticket ,Jose D ,2/19/2025,1,,15,LAPTOPS USED,Update,Pablo,7/22/2024,10,
,,,,,,,3,DESKTOP-HP,No ticket ,Jose D ,2/19/2025,1,,16,PHONE,Update,Pablo,7/22/2024,30,
,,,,,,,8,KEYBOARD COMBO,31179324,Ronald,2/19/2025,1,,17,TABLETS,Update,Pablo,7/22/2024,2,
,,,,,,,31,DISPLAYPORT ADAPTER,31169992,Stiven,2/18/2025,1,,18,SPEAKERS,Update,Pablo,7/22/2024,4,
,,,,,,,6,HEADSET-VARIOS 3.5,31046269,Jose D ,2/17/2025,1,,19,POWER STRIP,Update,Pablo,7/22/2024,10,
,,,,,,,5,HEADSET-PLANTRONICS,31136293,Melanie,2/14/2025,1,,20,LAPTOPS NEW,Update,Pablo,7/22/2024,0,
,,,,,,,25,UPS NEW,31140718,Stiven,2/15/2025,1,,21,MOUSE PAD,Update,Pablo,7/22/2024,14,
,,,,,,,5,HEADSET-PLANTRONICS,,Stiven,2/14/2025,1,,22,EARPADS,Update,Pablo,7/22/2024,13,
,,,,,,,31,DISPLAYPORT ADAPTER,31135233,Pablo ,2/14/2025,1,,23,HUB USB WITH RJ45 PORT,Update,Pablo,7/22/2024,14,
,,,,,,,16,PHONE,31058560,Andres A,2/13/2025,1,,24,CHARGES AC LENOVO,Update,Pablo,7/22/2024,5,
,,,,,,,12,MOUSE USED,31128402,Ronald ,2/13/2025,1,,25,UPS NEW,Update,Pablo,7/22/2024,4,
,,,,,,,9,KEYBOARD USED,31128402,Ronald ,2/13/2025,1,,26,UPS USED,Update,Pablo,7/22/2024,13,
,,,,,,,15,LAPTOPS USED,31110734,Pablo ,2/13/2025,1,,27,SSD SATA 512 GB,Update,Pablo,7/22/2024,2,
,,,,,,,25,UPS NEW,31126790,Ronald,2/13/2025,1,,28,SSD 2.5 256 GB,Update,Pablo,7/22/2024,4,
,,,,,,,1,WYSE,,Pablo ,2/12/2025,1,,29,DUAL HDMI ADAPTER,Update,Pablo,7/22/2024,10,
,,,,,,,10,MONITORS NEW,,Pablo ,2/12/2025,1,,30,WEB CAM,Update,Pablo,7/22/2024,1,
,,,,,,,14,MOUSE NEW,31111363,Andres A,2/11/2025,1,,31,DISPLAYPORT ADAPTER,Update,Pablo,7/22/2024,12,
,,,,,,,31,DISPLAYPORT ADAPTER,31109661,Pablo ,2/11/2025,2,,32,KEYBOARD ERGONOMIC,Update,Pablo,7/22/2024,2,
,,,,,,,3,DESKTOP-HP,No ticket,Ronald ,2/11/2025,1,,33,USB FLASH DRIVE 64 GB,Update,Pablo,7/22/2024,1,
,,,,,,,10,MONITORS NEW,No ticket,Ronald ,2/11/2025,3,,34,WRISTPAD,Update,Pablo,7/22/2024,9,
,,,,,,,16,PHONE,31104814,Jose D ,2/10/2025,1,,35,MEMORY 4GB DDR4 LAPTOP,Update,Pablo,7/22/2024,8,
,,,,,,,8,KEYBOARD COMBO,31104342,Stiven,2/10/2025,1,,36,MEMORY 8 GB DESKTOP,Update,Pablo,7/22/2024,2,
,,,,,,,26,UPS USED,No ticket ,Ronald,2/10/2025,1,,37,MEMORY 16 GB DESKTOP,Update,Pablo,7/22/2024,1,
,,,,,,,23,HUB USB WITH RJ45 PORT,FORUM ,Andres S ,2/9/2025,2,,38,SSD DATA DRIVE 1 TB M2,Update,Pablo,7/22/2024,4,
,,,,,,,5,HEADSET-PLANTRONICS,31089807,Melanie ,2/9/2025,4,,39,MEMORY 4GB DDR3 LAPTOP,Update,Pablo,7/22/2024,10,
,,,,,,,16,PHONE,31087955,Jose D ,2/9/2025,1,,40,DISCO MECANICO,Update,Pablo,7/22/2024,34,
,,,,,,,31,DISPLAYPORT ADAPTER,31073945,Pablo ,2/9/2025,1,,41,HEADSET USADOS,Update,Pablo,7/23/2024,7,
,,,,,,,70,Cable HDMI,31091502,Andres A,2/9/2025,1,,8,KEYBOARD COMBO,Update,Pablo,7/29/2024,5,
,,,,,,,16,PHONE,No ticket ,Jose D ,2/8/2025,1,,5,HEADSET-PLANTRONICS,Update,Pablo,7/31/2024,20,
,,,,,,,8,KEYBOARD COMBO,31065648,Pablo ,2/7/2025,1,,10,MONITORS NEW,Update,Pablo,8/3/2024,18,
,,,,,,,14,MOUSE NEW, 31058327,Jose D ,2/7/2025,1,,31,DISPLAYPORT ADAPTER,Update,Pablo,8/3/2024,15,
,,,,,,,70,Cable HDMI,31044163,Andres A,2/6/2025,1,,30,WEB CAM,Update,Pablo,8/3/2024,7,
,,,,,,,31,DISPLAYPORT ADAPTER,31044163,Andres A,2/6/2025,1,,43,SSD SATA 240 GB,Update,Pablo,8/3/2024,4,
,,,,,,,10,MONITORS NEW,31040121,Andres A,2/5/2025,1,,18,SPEAKERS,Update,Pablo,8/3/2024,5,
,,,,,,,1,WYSE,31040121,Andres A,2/5/2025,1,,37,MEMORY 16 GB DESKTOP,Update,Pablo,8/3/2024,5,
,,,,,,,8,KEYBOARD COMBO,31038834,Melanie ,2/5/2025,1,,14,MOUSE NEW,Update,Pablo,8/3/2024,20,
,,,,,,,7,KEYBOARD NEW,31025331,Pablo ,2/4/2025,1,,11,MONITORS USED,Update,Andres A,8/3/2024,2,
,,,,,,,31,DISPLAYPORT ADAPTER,No ticket ,Pablo ,2/4/2025,1,,44,MEMORY 16 GB DDR4 LAPTOP,Update,Pablo,8/6/2024,5,
,,,,,,,1,WYSE,No ticket ,Pablo ,2/4/2025,1,,1,WYSE,Update,Pablo,8/6/2024,25,
,,,,,,,11,MONITORS USED,31024388,Jose D ,2/4/2025,1,,5,HEADSET-PLANTRONICS,Update,Pablo,8/6/2024,2,
,,,,,,,8,KEYBOARD COMBO,31025331,Pablo ,2/4/2025,1,,9,KEYBOARD USED,Update,Pablo,8/6/2024,2,
,,,,,,,14,MOUSE NEW,31014316,Pablo ,2/3/2025,1,,12,MOUSE USED,Update,Pablo,8/6/2024,2,
,,,,,,,20,LAPTOPS NEW,31003730,Andres A,2/2/2025,1,,10,MONITORS NEW,Update,Pablo,8/19/2024,35,
,,,,,,,80,not exist,30989779,Andres A,2/1/2025,2,,31,DISPLAYPORT ADAPTER,Update,Pablo,8/19/2024,30,
,,,,,,,8,KEYBOARD COMBO,No ticket ,Jose D ,1/30/2025,1,,45,SUPRESORES DE PICO,Update,Pablo,8/19/2024,10,
,,,,,,,31,DISPLAYPORT ADAPTER,No ticket ,Jose D ,1/29/2025,2,,2,DESKTOP-LENOVO,Update,Pablo,8/22/2024,2,
,,,,,,,59,Cable de red 1m ,No ticket ,Stiven,1/29/2025,1,,20,LAPTOPS NEW,Update,Pablo,9/13/2024,5,
,,,,,,,63,Cable de red 3m ,No ticket ,Stiven,1/29/2025,1,,6,HEADSET-VARIOS 3.5,Update,Pablo,9/13/2024,8,
,,,,,,,10,MONITORS NEW,No ticket ,Stiven,1/29/2025,1,,46,not exist,Update,Pablo,9/16/2024,6,
,,,,,,,1,WYSE,No ticket ,Stiven,1/29/2025,1,,19,POWER STRIP,Update,Andres A,10/15/2024,1,
,,,,,,,14,MOUSE NEW,No ticket ,Melanie,1/29/2025,1,,65,Cargador de wyse 19.5V - 6.7A,Update,Melanie,,20,
,,,,,,,21,MOUSE PAD,No ticket ,Melanie ,1/28/2025,1,,66,Cargador de wyse 19.5V - 3.34A,Update,Melanie,,30,
,,,,,,,20,LAPTOPS NEW,No ticket ,Melanie ,1/28/2025,1,,67,Cargador de wyse 19V -3.42A,Update,Melanie,,30,
,,,,,,,31,DISPLAYPORT ADAPTER,30938364,Pablo,1/27/2025,1,,,,,,,,
,,,,,,,60,Cable de red 2m ,30938364,Pablo,1/27/2025,1,,80,not exist,Update ,Melanie ,,73,
,,,,,,,59,Cable de red 1m ,30938364,Pablo,1/27/2025,1,,86,Adaptador de red RJ45 a USB,,,,8,
,,,,,,,8,KEYBOARD COMBO,30938364,Pablo,1/27/2025,1,,69,Cargador 19V - 1.31A,Update,Melanie,,2,
,,,,,,,1,WYSE,30938364,Pablo,1/27/2025,1,,,,,,,,
,,,,,,,10,MONITORS NEW,30938364,Pablo,1/27/2025,1,,,,,,,,
,,,,,,,9,KEYBOARD USED,30929530,Jose D ,1/26/2025,1,,,,,,,,
,,,,,,,31,DISPLAYPORT ADAPTER,30923809,Jose D ,1/26/2025,1,,,,,,,,
,,,,,,,11,MONITORS USED,30923809,Jose D ,1/26/2025,1,,,,,,,,
,,,,,,,6,HEADSET-VARIOS 3.5,30912809,Jose D ,1/25/2025,1,,,,,,,,
,,,,,,,21,MOUSE PAD,Office 10th floor,Pablo ,1/22/2025,1,,,,,,,,
,,,,,,,60,Cable de red 2m ,Office 10th floor,Pablo,1/22/2025,1,,,,,,,,
,,,,,,,16,PHONE,Office 10th floor,Pablo ,1/22/2025,1,,,,,,,,
,,,,,,,9,KEYBOARD USED,Office 10th floor,Pablo ,1/22/2025,1,,,,,,,,
,,,,,,,31,DISPLAYPORT ADAPTER,Office 10th floor,Pablo ,1/22/2025,2,,,,,,,,
,,,,,,,1,WYSE,Office 10th floor,Pablo,1/22/2025,1,,,,,,,,
,,,,,,,8,KEYBOARD COMBO,30873080,Stiven,1/21/2025,1,,,,,,,,
,,,,,,,31,DISPLAYPORT ADAPTER,30866071,Pablo,1/21/2025,1,,,,,,,,
,,,,,,,8,KEYBOARD COMBO,30864564,Stiven,1/20/2025,1,,,,,,,,
,,,,,,,21,MOUSE PAD,,Stiven,1/17/2025,4,,,,,,,,
,,,,,,,10,MONITORS NEW,,Melanie ,1/17/2025,2,,,,,,,,
,,,,,,,1,WYSE,,Melanie ,1/17/2025,1,,,,,,,,
,,,,,,,31,DISPLAYPORT ADAPTER,,Melanie ,1/17/2025,2,,,,,,,,
,,,,,,,9,KEYBOARD USED,,Melanie ,1/17/2025,1,,,,,,,,
,,,,,,,14,MOUSE NEW,,Melanie ,1/17/2025,1,,,,,,,,
,,,,,,,31,DISPLAYPORT ADAPTER,,Melanie ,1/17/2025,2,,,,,,,,
,,,,,,,59,Cable de red 1m ,,Melanie ,1/17/2025,1,,,,,,,,
,,,,,,,63,Cable de red 3m ,,Melanie ,1/17/2025,1,,,,,,,,
,,,,,,,17,TABLETS,Update ,Melanie,1/17/2025,2,,,,,,,,
,,,,,,,16,PHONE,,Andres A,1/17/2025,1,,,,,,,,
,,,,,,,16,PHONE,,Broken ,1/17/2025,2,,,,,,,,
,,,,,,,16,PHONE,,Andres A,1/17/2025,1,,,,,,,,
,,,,,,,16,PHONE,,Andres A,1/17/2025,1,,,,,,,,
,,,,,,,16,PHONE,30810591,Pablo ,1/15/2025,1,,,,,,,,
,,,,,,,14,MOUSE NEW,FORUM,Melanie,1/14/2025,2,,,,,,,,
,,,,,,,14,MOUSE NEW,Update,Melanie,1/14/2025,3,,,,,,,,
,,,,,,,9,KEYBOARD USED,30801638,Melanie,1/14/2025,2,,,,,,,,
,,,,,,,31,DISPLAYPORT ADAPTER,30793802,Pablo ,1/13/2025,1,,,,,,,,
,,,,,,,14,MOUSE NEW,30794226,Stiven,1/13/2025,1,,,,,,,,
,,,,,,,6,HEADSET-VARIOS 3.5,FORUM,Melanie,1/13/2025,2,,,,,,,,
,,,,,,,6,HEADSET-VARIOS 3.5,30773764,Pablo ,1/13/2025,2,,,,,,,,
,,,,,,,78,Handset,30776393,Pablo,1/13/2025,1,,,,,,,,
,,,,,,,31,DISPLAYPORT ADAPTER,Torre 2,Andres A,1/9/2025,8,,,,,,,,
,,,,,,,63,Cable de red 3m ,Torre 2,Andres A,1/9/2025,8,,,,,,,,
,,,,,,,59,Cable de red 1m ,Torre 2,Andres A,1/9/2025,18,,,,,,,,
,,,,,,,14,MOUSE NEW,30746733,Stiven,1/9/2025,1,,,,,,,,
,,,,,,,7,KEYBOARD NEW,30746733,Stiven,1/9/2025,3,,,,,,,,
,,,,,,,5,HEADSET-PLANTRONICS,Torre 2,Stiven,1/8/2025,3,,,,,,,,
,,,,,,,16,PHONE,Torre 2,Stiven,1/8/2025,3,,,,,,,,
,,,,,,,1,WYSE,Torre 2,Stiven,1/8/2025,2,,,,,,,,
,,,,,,,11,MONITORS USED,30731165,Jose D ,1/7/2025,1,,,,,,,,
,,,,,,,16,PHONE,30729339,Jose D ,1/7/2025,1,,,,,,,,
,,,,,,,8,KEYBOARD COMBO,30728540,Stiven,1/7/2024,1,,,,,,,,
,,,,,,,3,DESKTOP-HP,30728540,Stiven,1/7/2025,1,,,,,,,,
,,,,,,,16,PHONE,30728461,Jose D ,1/7/2025,1,,,,,,,,
,,,,,,,2,DESKTOP-LENOVO,30719488,Pablo,1/6/2025,1,,,,,,,,
,,,,,,,22,EARPADS,30719965,Stiven,1/6/2025,1,,,,,,,,
,,,,,,,7,KEYBOARD NEW,30705872,Stiven,1/5/2025,1,,,,,,,,
,,,,,,,11,MONITORS USED,update,Melanie,1/3/2025,1,,,,,,,,
,,,,,,,16,PHONE,30685194,Pablo,1/3/2025,1,,,,,,,,
,,,,,,,16,PHONE,30675732,Andres S,1/1/2025,1,,,,,,,,
,,,,,,,22,EARPADS,No ticket,Andres S,12/28/2024,2,,,,,,,,
,,,,,,,5,HEADSET-PLANTRONICS,30597505,Andres S,12/25/2024,3,,,,,,,,
,,,,,,,2,DESKTOP-LENOVO,No ticket,Stiven,12/26/2024,1,,,,,,,,
,,,,,,,5,HEADSET-PLANTRONICS,30575035,Jose D ,12/21/2024,1,,,,,,,,
,,,,,,,10,MONITORS NEW,30565085,Pablo,12/21/2024,1,,,,,,,,
,,,,,,,8,KEYBOARD COMBO,30560566,Stiven,12/21/2024,1,,,,,,,,
,,,,,,,31,DISPLAYPORT ADAPTER,30560566,Stiven,12/21/2024,2,,,,,,,,
,,,,,,,16,PHONE,30560566,Stiven,12/21/2024,1,,,,,,,,
,,,,,,,59,Cable de red 1m ,30560566,Stiven,12/21/2024,1,,,,,,,,
,,,,,,,62,Cable de red  5m ,30560566,Stiven,12/21/2024,1,,,,,,,,
,,,,,,,10,MONITORS NEW,30560566,Stiven,12/21/2024,2,,,,,,,,
,,,,,,,1,WYSE,30560566,Stiven,12/21/2024,1,,,,,,,,
,,,,,,,10,MONITORS NEW,30557368,Jose D ,12/21/2024,1,,,,,,,,
,,,,,,,10,MONITORS NEW,30537165,Stiven,12/19/2024,1,,,,,,,,
,,,,,,,11,MONITORS USED,30536879,Stiven,12/19/2024,1,,,,,,,,
,,,,,,,10,MONITORS NEW,30517799,Pablo ,12/17/2024,1,,,,,,,,
,,,,,,,1,WYSE,30527172,Andres A,12/18/2024,1,,,,,,,,
,,,,,,,16,PHONE,30528769,Andres A,12/18/2024,2,,,,,,,,
,,,,,,,15,LAPTOPS USED,30527172,Andres A,12/18/2024,1,,,,,,,,
,,,,,,,12,MOUSE USED,no ticket,Andres A,12/18/2024,1,,,,,,,,
,,,,,,,56,Cable VGA,no ticket,Andres A,12/18/2024,1,,,,,,,,
,,,,,,,9,KEYBOARD USED,no ticket,Andres A,12/18/2024,1,,,,,,,,
,,,,,,,2,DESKTOP-LENOVO,no ticket,Andres A,12/18/2024,1,,,,,,,,
,,,,,,,14,MOUSE NEW,30505442,Jose D ,12/16/2024,1,,,,,,,,
,,,,,,,1,WYSE,30479182,Jose D ,12/16/2024,4,,,,,,,,
,,,,,,,31,DISPLAYPORT ADAPTER,30479182,Jose D ,12/16/2024,1,,,,,,,,
,,,,,,,21,MOUSE PAD,30490120,Jose D ,12/14/2024,1,,,,,,,,
,,,,,,,16,PHONE,30478694,Jose D ,12/14/2024,1,,,,,,,,
,,,,,,,31,DISPLAYPORT ADAPTER,30485414,Stiven,12/14/2024,1,,,,,,,,
,,,,,,,14,MOUSE NEW,30481817,Stiven,12/13/2024,1,,,,,,,,
,,,,,,,14,MOUSE NEW,30475945,Jose D ,12/13/2024,2,,,,,,,,
,,,,,,,31,DISPLAYPORT ADAPTER,30456567,Stiven,12/11/2024,1,,,,,,,,
,,,,,,,31,DISPLAYPORT ADAPTER,No ticket,Pablo,12/10/2024,1,,,,,,,,
,,,,,,,7,KEYBOARD NEW,No ticket,Pablo ,12/10/2024,1,,,,,,,,
,,,,,,,16,PHONE, 30433280,Jose D ,12/9/2024,1,,,,,,,,
,,,,,,,14,MOUSE NEW,30434053,Andres A,12/8/2024,1,,,,,,,,
,,,,,,,31,DISPLAYPORT ADAPTER,30411737,Stiven,12/6/2024,1,,,,,,,,
,,,,,,,1,WYSE,30411737,Stiven,12/6/2024,1,,,,,,,,
,,,,,,,9,KEYBOARD USED,30403046,Stiven,12/5/2024,1,,,,,,,,
,,,,,,,9,KEYBOARD USED,Update,Melanie,12/5/2024,2,,,,,,,,
,,,,,,,1,WYSE,Update ,Melanie,12/5/2024,4,,,,,,,,
,,,,,,,6,HEADSET-VARIOS 3.5,30400623,Jose D ,12/5/2024,1,,,,,,,,
,,,,,,,6,HEADSET-VARIOS 3.5,30400818,Jose D ,12/5/2024,1,,,,,,,,
,,,,,,,12,MOUSE USED,30400879,Jose D ,12/5/2024,1,,,,,,,,
,,,,,,,21,MOUSE PAD,30401510,Jose D ,12/5/2024,2,,,,,,,,
,,,,,,,1,WYSE,Torre 2,Melanie,12/4/2024,1,,,,,,,,
,,,,,,,14,MOUSE NEW,30395673,Stiven,12/4/2024,1,,,,,,,,
,,,,,,,25,UPS NEW,30386317,Stiven,12/3/2024,1,,,,,,,,
,,,,,,,42,MEMORY 8GB LAPTOP,Yeison,Yeison,12/3/2024,1,,,,,,,,
,,,,,,,41,HEADSET USADOS,Update,Melanie,12/3/2024,3,,,,,,,,
,,,,,,,5,HEADSET-PLANTRONICS,Update,Melanie,12/3/2024,3,,,,,,,,
,,,,,,,7,KEYBOARD NEW,Update,Melanie,12/3/2024,1,,,,,,,,
,,,,,,,14,MOUSE NEW,Update,Melanie,12/3/2024,1,,,,,,,,
,,,,,,,31,DISPLAYPORT ADAPTER,30377954,Andres A,12/2/2024,2,,,,,,,,
,,,,,,,31,DISPLAYPORT ADAPTER,30367515,Pablo ,12/1/2024,1,,,,,,,,
,,,,,,,14,MOUSE NEW,30362978,Andres A,11/30/2024,1,,,,,,,,
,,,,,,,7,KEYBOARD NEW,30362978,Andres A,11/30/2024,1,,,,,,,,
,,,,,,,1,WYSE,30359582,Jose D ,11/30/2024,1,,,,,,,,
,,,,,,,5,HEADSET-PLANTRONICS,30331172,Stiven,11/27/2024,1,,,,,,,,
,,,,,,,42,MEMORY 8GB LAPTOP,30322849,Stiven,11/26/2024,1,,,,,,,,
,,,,,,,15,LAPTOPS USED,30322849,Stiven,11/26/2024,1,,,,,,,,
,,,,,,,28,SSD 2.5 256 GB,no ticket,Stiven,11/26/2024,1,,,,,,,,
,,,,,,,18,SPEAKERS,30319889,Pablo,11/26/2024,2,,,,,,,,
,,,,,,,5,HEADSET-PLANTRONICS,no ticket ,Pablo,11/26/2024,1,,,,,,,,
,,,,,,,1,WYSE,30315896,Andres A,11/25/2024,1,,,,,,,,
,,,,,,,5,HEADSET-PLANTRONICS,30291789,Pablo,11/23/2024,1,,,,,,,,
,,,,,,,11,MONITORS USED,30281124,Jose D ,11/22/2024,2,,,,,,,,
,,,,,,,39,MEMORY 4GB DDR3 LAPTOP,30272889,Andres A,11/21/2024,1,,,,,,,,
,,,,,,,15,LAPTOPS USED,30272889,Andres A,11/21/2024,1,,,,,,,,
,,,,,,,12,MOUSE USED,30264895,Jose D ,11/20/2024,1,,,,,,,,
,,,,,,,7,KEYBOARD NEW,30264895,Jose D ,11/20/2024,1,,,,,,,,
,,,,,,,1,WYSE,30264895,Jose D ,11/20/2024,1,,,,,,,,
,,,,,,,6,HEADSET-VARIOS 3.5,30260761,Pablo,11/20/2024,1,,,,,,,,
,,,,,,,30,WEB CAM,30260906,Andres S,11/20/2024,2,,,,,,,,
,,,,,,,5,HEADSET-PLANTRONICS,Torre 2,Pablo,11/20/2024,1,,,,,,,,
,,,,,,,23,HUB USB WITH RJ45 PORT,Update,Melanie,11/18/2024,2,,,,,,,,
,,,,,,,24,CHARGES AC LENOVO,Update,Melanie,11/18/2024,1,,,,,,,,
,,,,,,,14,MOUSE NEW,30244517,Andres A,11/18/2024,1,,,,,,,,
,,,,,,,2,DESKTOP-LENOVO,Artilleria ,Pablo,11/17/2024,1,,,,,,,,
,,,,,,,2,DESKTOP-LENOVO, 30203490,Jose D ,11/14/2024,1,,,,,,,,
,,,,,,,1,WYSE,Torre 2,Andres A,11/13/2024,2,,,,,,,,
,,,,,,,25,UPS NEW,30195872,Stiven,11/13/2024,1,,,,,,,,
,,,,,,,25,UPS NEW,30195794,Stiven,11/13/2024,1,,,,,,,,
,,,,,,,14,MOUSE NEW,30194360,Andres A,11/13/2024,1,,,,,,,,
,,,,,,,31,DISPLAYPORT ADAPTER,30175743,Andres A,11/11/2024,1,,,,,,,,
,,,,,,,28,SSD 2.5 256 GB,30135794,Andres A,11/8/2024,1,,,,,,,,
,,,,,,,7,KEYBOARD NEW,30136097,Jose D ,11/7/2024,1,,,,,,,,
,,,,,,,31,DISPLAYPORT ADAPTER,30139692,Jose D ,11/7/2024,1,,,,,,,,
,,,,,,,15,LAPTOPS USED,30124762,Stiven,11/7/2024,1,,,,,,,,
,,,,,,,26,UPS USED,30123282,Andres A,11/7/2024,1,,,,,,,,
,,,,,,,7,KEYBOARD NEW,30115915,Jose D ,11/4/2024,1,,,,,,,,
,,,,,,,1,WYSE,30111643,Stiven,11/4/2024,1,,,,,,,,
,,,,,,,18,SPEAKERS,30101392,Pablo,11/2/2024,1,,,,,,,,
,,,,,,,7,KEYBOARD NEW,30100268,Andres A,11/2/2024,1,,,,,,,,
,,,,,,,9,KEYBOARD USED,30098812,Andres A,11/2/2024,1,,,,,,,,
,,,,,,,25,UPS NEW,30088719,Stiven,11/1/2024,1,,,,,,,,
,,,,,,,31,DISPLAYPORT ADAPTER,30085923,Pablo,11/1/2024,2,,,,,,,,
,,,,,,,12,MOUSE USED,30087857,Pablo,11/1/2024,1,,,,,,,,
,,,,,,,16,PHONE,30050244,Stiven,11/1/2024,1,,,,,,,,
,,,,,,,22,EARPADS,Update,Pablo,10/31/2024,2,,,,,,,,
,,,,,,,31,DISPLAYPORT ADAPTER,30076968,Pablo,10/31/2024,1,,,,,,,,
,,,,,,,22,EARPADS,30070467,Andres A,10/31/2024,1,,,,,,,,
,,,,,,,22,EARPADS,30075158,Andres A,10/31/2024,1,,,,,,,,
,,,,,,,31,DISPLAYPORT ADAPTER,Update,Pablo,10/26/2024,1,,,,,,,,
,,,,,,,20,LAPTOPS NEW,30003215,Pablo,10/23/2024,1,,,,,,,,
,,,,,,,10,MONITORS NEW,Update,Andres A,10/23/2024,5,,,,,,,,
,,,,,,,9,KEYBOARD USED,29993673,Carlos A,10/23/2024,1,,,,,,,,
,,,,,,,20,LAPTOPS NEW,29948102,Pablo,10/23/2024,1,,,,,,,,
,,,,,,,2,DESKTOP-LENOVO,29988576,Jose D ,10/23/2024,1,,,,,,,,
,,,,,,,20,LAPTOPS NEW,29932257,Jose D ,10/23/2024,1,,,,,,,,
,,,,,,,31,DISPLAYPORT ADAPTER,29981479,Andres A,10/20/2024,1,,,,,,,,
,,,,,,,5,HEADSET-PLANTRONICS,29948193,Carlos A,10/17/2024,1,,,,,,,,
,,,,,,,10,MONITORS NEW,Update,Carlos A,10/16/2024,2,,,,,,,,
,,,,,,,5,HEADSET-PLANTRONICS,29929612,Carlos A,10/16/2024,11,,,,,,,,
,,,,,,,5,HEADSET-PLANTRONICS,29904380,Pablo,10/16/2024,3,,,,,,,,
,,,,,,,1,WYSE,29921692,Jose D ,10/15/2024,1,,,,,,,,
,,,,,,,14,MOUSE NEW,Update,Torre 2,10/15/2024,4,,,,,,,,
,,,,,,,1,WYSE,Update,Torre 2,10/15/2024,4,,,,,,,,
,,,,,,,11,MONITORS USED,29923568,Torre 2,10/15/2024,1,,,,,,,,
,,,,,,,7,KEYBOARD NEW,29924629,Stiven,10/15/2024,1,,,,,,,,
,,,,,,,9,KEYBOARD USED,29925094,Carlos A,10/15/2024,1,,,,,,,,
,,,,,,,28,SSD 2.5 256 GB,Torre 2,Andres A,10/15/2024,2,,,,,,,,
,,,,,,,41,HEADSET USADOS,29902501,Andres A,10/12/2024,1,,,,,,,,
,,,,,,,41,HEADSET USADOS,29901953,Andres A,10/12/2024,1,,,,,,,,
,,,,,,,3,DESKTOP-HP,FORUM,Andres S,10/11/2024,3,,,,,,,,
,,,,,,,5,HEADSET-PLANTRONICS,29874282,Pablo,10/11/2024,1,,,,,,,,
,,,,,,,20,LAPTOPS NEW,29882339,Stiven,10/11/2024,2,,,,,,,,
,,,,,,,12,MOUSE USED,29891079,Carlos A,10/11/2024,1,,,,,,,,
,,,,,,,14,MOUSE NEW,29870344,Pablo,10/9/2024,1,,,,,,,,
,,,,,,,5,HEADSET-PLANTRONICS,29864397,Carlos A,10/8/2024,1,,,,,,,,
,,,,,,,14,MOUSE NEW,29838793,Stiven,10/7/2024,1,,,,,,,,
,,,,,,,12,MOUSE USED,29840019,Stiven,10/7/2024,1,,,,,,,,
,,,,,,,16,PHONE,29840019,Stiven,10/7/2024,1,,,,,,,,
,,,,,,,10,MONITORS NEW,Torre 2,Andres A,10/7/2024,2,,,,,,,,
,,,,,,,12,MOUSE USED,29829054,Stiven,10/4/2024,1,,,,,,,,
,,,,,,,6,HEADSET-VARIOS 3.5,29819613,Jose D ,10/3/2024,2,,,,,,,,
,,,,,,,31,DISPLAYPORT ADAPTER,29821827,Carlos A,10/3/2024,1,,,,,,,,
,,,,,,,14,MOUSE NEW,29821827,Carlos A,10/3/2024,1,,,,,,,,
,,,,,,,14,MOUSE NEW,29819003,Pablo,10/3/2024,1,,,,,,,,
,,,,,,,5,HEADSET-PLANTRONICS,29814211,Pablo,10/2/2024,1,,,,,,,,
,,,,,,,12,MOUSE USED,29805727,Carlos A,10/1/2024,1,,,,,,,,
,,,,,,,9,KEYBOARD USED,29798066,Andres A,9/30/2024,1,,,,,,,,
,,,,,,,5,HEADSET-PLANTRONICS,29792826,Carlos A,9/29/2024,1,,,,,,,,
,,,,,,,5,HEADSET-PLANTRONICS,29789098,Carlos A,9/29/2024,1,,,,,,,,
,,,,,,,16,PHONE,29788338,Carlos A,9/29/2024,1,,,,,,,,
,,,,,,,9,KEYBOARD USED,29786937,Andres A,9/29/2024,1,,,,,,,,
,,,,,,,9,KEYBOARD USED,29786431,Andres A,9/29/2024,1,,,,,,,,
,,,,,,,16,PHONE,29781398,Carlos A,9/29/2024,1,,,,,,,,
,,,,,,,12,MOUSE USED,29781398,Carlos A,9/29/2024,1,,,,,,,,
,,,,,,,9,KEYBOARD USED,29781398,Carlos A,9/29/2024,1,,,,,,,,
,,,,,,,5,HEADSET-PLANTRONICS,29779934,Carlos A,9/29/2024,1,,,,,,,,
,,,,,,,5,HEADSET-PLANTRONICS,29778927,Andres A,9/29/2024,1,,,,,,,,
,,,,,,,31,DISPLAYPORT ADAPTER,29768406,Andres A,9/29/2024,1,,,,,,,,
,,,,,,,11,MONITORS USED,Update,Andres A,9/29/2024,1,,,,,,,,
,,,,,,,8,KEYBOARD COMBO,Update,Jose D ,9/29/2024,1,,,,,,,,
,,,,,,,31,DISPLAYPORT ADAPTER,Update,Jose D ,9/29/2024,1,,,,,,,,
,,,,,,,19,POWER STRIP,Update,Jose D ,9/29/2024,1,,,,,,,,
,,,,,,,10,MONITORS NEW,Update,Jose D ,9/29/2024,2,,,,,,,,
,,,,,,,5,HEADSET-PLANTRONICS,29760592,Stiven,9/26/2024,1,,,,,,,,
,,,,,,,20,LAPTOPS NEW,29453897,Pablo,9/26/2024,1,,,,,,,,
,,,,,,,14,MOUSE NEW,FORUM,Pablo,9/26/2024,5,,,,,,,,
,,,,,,,12,MOUSE USED,29751524,Pablo,9/25/2024,1,,,,,,,,
,,,,,,,6,HEADSET-VARIOS 3.5,29739474,Jose D ,9/25/2024,1,,,,,,,,
,,,,,,,45,SUPRESORES DE PICO,29740183,Carlos A,9/24/2024,1,,,,,,,,
,,,,,,,19,POWER STRIP,Update,Pablo,9/24/2024,1,,,,,,,,
,,,,,,,28,SSD 2.5 256 GB,Update,Carlos A,9/23/2024,1,,,,,,,,
,,,,,,,6,HEADSET-VARIOS 3.5,29673075,Stiven,9/23/2024,1,,,,,,,,
,,,,,,,5,HEADSET-PLANTRONICS,29711775,Pablo,9/23/2024,1,,,,,,,,
,,,,,,,9,KEYBOARD USED,29724557,Pablo,9/23/2024,1,,,,,,,,
,,,,,,,12,MOUSE USED,29690491,Andres A,9/23/2024,1,,,,,,,,
,,,,,,,9,KEYBOARD USED,29690491,Andres A,9/23/2024,1,,,,,,,,
,,,,,,,11,MONITORS USED,29690491,Andres A,9/23/2024,1,,,,,,,,
,,,,,,,5,HEADSET-PLANTRONICS,Update,Jose D ,9/22/2024,1,,,,,,,,
,,,,,,,10,MONITORS NEW,Update,Pablo,9/22/2024,1,,,,,,,,
,,,,,,,22,EARPADS,29715896,Carlos A,9/21/2024,1,,,,,,,,
,,,,,,,14,MOUSE NEW,Update,Jose D ,9/21/2024,1,,,,,,,,
,,,,,,,5,HEADSET-PLANTRONICS,29711950,Carlos A,9/21/2024,4,,,,,,,,
,,,,,,,5,HEADSET-PLANTRONICS,29711027,Carlos A,9/21/2024,1,,,,,,,,
,,,,,,,16,PHONE,29704498,Andres A,9/20/2024,1,,,,,,,,
,,,,,,,31,DISPLAYPORT ADAPTER,29680495,Stiven,9/18/2024,1,,,,,,,,
,,,,,,,7,KEYBOARD NEW,Update,Stiven,9/18/2024,1,,,,,,,,
,,,,,,,5,HEADSET-PLANTRONICS,29674141,Carlos A,9/17/2024,1,,,,,,,,
,,,,,,,5,HEADSET-PLANTRONICS,29672949,Pablo,9/17/2024,1,,,,,,,,
,,,,,,,6,HEADSET-VARIOS 3.5,29665186,Carlos A,9/16/2024,1,,,,,,,,
,,,,,,,6,HEADSET-VARIOS 3.5,FORUM,Pablo,9/16/2024,4,,,,,,,,
,,,,,,,31,DISPLAYPORT ADAPTER,29628411,Carlos A,9/13/2024,2,,,,,,,,
,,,,,,,10,MONITORS NEW,29628411,Carlos A,9/13/2024,1,,,,,,,,
,,,,,,,26,UPS USED,29628411,Carlos A,9/13/2024,1,,,,,,,,
,,,,,,,11,MONITORS USED,29627257,Carlos A,9/13/2024,1,,,,,,,,
,,,,,,,16,PHONE,29600313,Carlos A,9/13/2024,1,,,,,,,,
,,,,,,,45,SUPRESORES DE PICO,29600313, Carlos A,9/13/2024,1,,,,,,,,
,,,,,,,1,WYSE,29600313,Carlos A,9/13/2024,1,,,,,,,,
,,,,,,,31,DISPLAYPORT ADAPTER,29600313,Carlos A,9/13/2024,2,,,,,,,,
,,,,,,,7,KEYBOARD NEW,29600313,Carlos A,9/13/2024,1,,,,,,,,
,,,,,,,10,MONITORS NEW,29600313,Carlos A,9/13/2024,2,,,,,,,,
,,,,,,,6,HEADSET-VARIOS 3.5,Torre 2,Andres S,9/13/2024,1,,,,,,,,
,,,,,,,1,WYSE,29196928,Pablo,8/11/2024,1,,,,,,,,
,,,,,,,2,DESKTOP-LENOVO,Torre 2,Andres A,8/11/2024,1,,,,,,,,
,,,,,,,3,DESKTOP-HP,2931034,Andres A,8/11/2024,1,,,,,,,,
,,,,,,,4,HANDPUNCH,Update,,,,,,,,,,,
,,,,,,,5,HEADSET-PLANTRONICS,Update,Pablo,9/16/2024,1,,,,,,,,
,,,,,,,6,HEADSET-VARIOS 3.5,FORUM,Pablo,8/14/2024,3,,,,,,,,
,,,,,,,7,KEYBOARD NEW,29336671,Pablo,8/12/2024,1,,,,,,,,
,,,,,,,8,KEYBOARD COMBO,Update,Stiven,9/13/2024,1,,,,,,,,
,,,,,,,9,KEYBOARD USED,29196928,Pablo,7/26/2024,2,,,,,,,,
,,,,,,,10,MONITORS NEW,29196928,Pablo,7/26/2024,2,,,,,,,,
,,,,,,,11,MONITORS USED,29196928,Pablo,7/26/2024,2,,,,,,,,
,,,,,,,12,MOUSE USED,29196928,Pablo,7/26/2024,2,,,,,,,,
,,,,,,,13,SECURITY WEBCAM,Update,,,,,,,,,,,
,,,,,,,14,MOUSE NEW,29286881,Stiven,8/6/2024,1,,,,,,,,
,,,,,,,15,LAPTOPS USED,Update,Pablo,9/16/2024,1,,,,,,,,
,,,,,,,16,PHONE,29457909,Pablo,8/26/2024,3,,,,,,,,
,,,,,,,17,TABLETS,Update,,,,,,,,,,,
,,,,,,,18,SPEAKERS,Torre 2,Andres A,8/11/2024,1,,,,,,,,
,,,,,,,19,POWER STRIP,29196928,Pablo,7/26/2024,1,,,,,,,,
,,,,,,,20,LAPTOPS NEW,29453897,Pablo,8/30/2024,3,,,,,,,,
,,,,,,,21,MOUSE PAD,Update,Pablo,8/6/2024,1,,,,,,,,
,,,,,,,22,EARPADS,29217622,Pablo,7/27/2024,1,,,,,,,,
,,,,,,,23,HUB USB WITH RJ45 PORT,Update,,,,,,,,,,,
,,,,,,,24,CHARGES AC LENOVO,Update,,,,,,,,,,,
,,,,,,,25,UPS NEW,Update,,,,,,,,,,,
,,,,,,,26,UPS USED,29216195,Pablo,7/27/2024,3,,,,,,,,
,,,,,,,27,SSD SATA 512 GB,29611252,Stiven,9/13/2024,1,,,,,,,,
,,,,,,,28,SSD 2.5 256 GB,Update,Pablo,9/7/2024,3,,,,,,,,
,,,,,,,29,DUAL HDMI ADAPTER,Update,,,,,,,,,,,
,,,,,,,30,WEB CAM,Torre 2,Andres A,8/11/2024,2,,,,,,,,
,,,,,,,31,DISPLAYPORT ADAPTER,29196928,Pablo,7/26/2024,2,,,,,,,,
,,,,,,,32,KEYBOARD ERGONOMIC,Update,Pablo,8/22/2024,2,,,,,,,,
,,,,,,,33,USB FLASH DRIVE 64 GB,Update,,,,,,,,,,,
,,,,,,,34,WRISTPAD,Update,Pablo,8/6/2024,1,,,,,,,,
,,,,,,,35,MEMORY 4GB DDR4 LAPTOP,29196928,Pablo,7/26/2024,2,,,,,,,,
,,,,,,,36,MEMORY 8 GB DESKTOP,Update,Pablo,8/22/2024,1,,,,,,,,
,,,,,,,37,MEMORY 16 GB DESKTOP,Update,,,,,,,,,,,
,,,,,,,38,SSD DATA DRIVE 1 TB M2,Update,,,,,,,,,,,
,,,,,,,39,MEMORY 4GB DDR3 LAPTOP,Update,,,,,,,,,,,
,,,,,,,31,DISPLAYPORT ADAPTER,29210149,Pablo,7/27/2024,6,,,,,,,,
,,,,,,,10,MONITORS NEW,29210149,Pablo,7/27/2024,4,,,,,,,,
,,,,,,,11,MONITORS USED,29210149,Pablo,7/27/2024,2,,,,,,,,
,,,,,,,7,KEYBOARD NEW,29210149,Pablo,7/27/2024,3,,,,,,,,
,,,,,,,12,MOUSE USED,29210149,Pablo,7/27/2024,1,,,,,,,,
,,,,,,,14,MOUSE NEW,29210149,Pablo,7/27/2024,2,,,,,,,,
,,,,,,,11,MONITORS USED,FORUM,Pablo,7/29/2024,2,,,,,,,,
,,,,,,,8,KEYBOARD COMBO,FORUM,Pablo,7/29/2024,4,,,,,,,,
,,,,,,,9,KEYBOARD USED,29231244,Andres A,7/29/2024,1,,,,,,,,
,,,,,,,7,KEYBOARD NEW,Update,Pablo,7/29/2024,5,,,,,,,,
,,,,,,,29,DUAL HDMI ADAPTER,29231874,Stiven,7/29/2024,1,,,,,,,,
,,,,,,,7,KEYBOARD NEW,29233216,Andres A,7/29/2024,1,,,,,,,,
,,,,,,,12,MOUSE USED,29233216,Andres A,7/29/2024,1,,,,,,,,
,,,,,,,19,POWER STRIP,29233317,Andres A,7/29/2024,1,,,,,,,,
,,,,,,,21,MOUSE PAD,29234454,Stiven,7/29/2024,1,,,,,,,,
,,,,,,,2,DESKTOP-LENOVO,Update,Pablo,7/30/2024,1,,,,,,,,
,,,,,,,15,LAPTOPS USED,Update,Pablo,7/30/2024,3,,,,,,,,
,,,,,,,6,HEADSET-VARIOS 3.5,29244359,Stiven,7/30/2024,1,,,,,,,,
,,,,,,,5,HEADSET-PLANTRONICS,29244231,Stiven,7/30/2024,1,,,,,,,,
,,,,,,,21,MOUSE PAD,FORUM,Stiven,7/31/2024,3,,,,,,,,
,,,,,,,6,HEADSET-VARIOS 3.5,Torre 2,Andres A,8/3/2024,2,,,,,,,,
,,,,,,,18,SPEAKERS,Torre 2,Andres A,8/3/2024,1,,,,,,,,
,,,,,,,38,SSD DATA DRIVE 1 TB M2,Torre 2,Andres A,8/3/2024,1,,,,,,,,
,,,,,,,39,MEMORY 4GB DDR3 LAPTOP,Torre 2,Andres A,8/3/2024,2,,,,,,,,
,,,,,,,11,MONITORS USED,29249020,Andres A,8/3/2024,1,,,,,,,,
,,,,,,,6,HEADSET-VARIOS 3.5,29255489,Stiven,8/2/2024,1,,,,,,,,
,,,,,,,34,WRISTPAD,29255489,Stiven,8/2/2024,1,,,,,,,,
,,,,,,,10,MONITORS NEW,Update,Pablo,8/5/2024,6,,,,,,,,
,,,,,,,10,MONITORS NEW,29281411,Stiven,8/5/2024,1,,,,,,,,
,,,,,,,22,EARPADS,29282256,Pablo,8/5/2024,2,,,,,,,,
,,,,,,,29,DUAL HDMI ADAPTER,Update,Pablo,8/5/2024,1,,,,,,,,
,,,,,,,31,DISPLAYPORT ADAPTER,Update,Pablo,8/5/2024,1,,,,,,,,
,,,,,,,7,KEYBOARD NEW,Update,Pablo,8/5/2024,2,,,,,,,,
,,,,,,,14,MOUSE NEW,Update,Pablo,8/5/2024,2,,,,,,,,
,,,,,,,5,HEADSET-PLANTRONICS,29244601,Pablo,8/5/2024,16,,,,,,,,
,,,,,,,5,HEADSET-PLANTRONICS,29115378,Stiven,8/6/2024,3,,,,,,,,
,,,,,,,10,MONITORS NEW,FORUM,Pablo,8/7/2024,2,,,,,,,,
,,,,,,,5,HEADSET-PLANTRONICS,29297531,Stiven,8/7/2024,1,,,,,,,,
,,,,,,,5,HEADSET-PLANTRONICS,29115378,Stiven,8/7/2024,1,,,,,,,,
,,,,,,,21,MOUSE PAD,Torre 2,Andres A,8/11/2024,3,,,,,,,,
,,,,,,,1,WYSE,Torre 2,Andres A,8/11/2024,6,,,,,,,,
,,,,,,,10,MONITORS NEW,Torre 2,Andres A,8/11/2024,3,,,,,,,,
,,,,,,,44,MEMORY 16 GB DDR4 LAPTOP,Torre 2,Andres A,8/11/2024,1,,,,,,,,
,,,,,,,6,HEADSET-VARIOS 3.5,Torre 2,Andres A,8/11/2024,1,,,,,,,,
,,,,,,,31,DISPLAYPORT ADAPTER,Torre 2,Andres A,8/11/2024,4,,,,,,,,
,,,,,,,31,DISPLAYPORT ADAPTER,29327626,Pablo,8/11/2024,1,,,,,,,,
,,,,,,,10,MONITORS NEW,29332258,Andres A,8/13/2024,2,,,,,,,,
,,,,,,,1,WYSE,29332258,Andres A,8/13/2024,2,,,,,,,,
,,,,,,,31,DISPLAYPORT ADAPTER,29332258,Andres A,8/13/2024,2,,,,,,,,
,,,,,,,9,KEYBOARD USED,29332258,Andres A,8/13/2024,2,,,,,,,,
,,,,,,,12,MOUSE USED,29332258,Andres A,8/13/2024,2,,,,,,,,
,,,,,,,10,MONITORS NEW,29337399,Pablo,8/13/2024,3,,,,,,,,
,,,,,,,31,DISPLAYPORT ADAPTER,29337399,Pablo,8/13/2024,3,,,,,,,,
,,,,,,,1,WYSE,29337399,Pablo,8/13/2024,1,,,,,,,,
,,,,,,,11,MONITORS USED,29344349,Pablo,8/14/2024,1,,,,,,,,
,,,,,,,33,USB FLASH DRIVE 64 GB,Update,Carlos,8/15/2024,1,,,,,,,,
,,,,,,,22,EARPADS,29354666,Pablo,8/15/2024,1,,,,,,,,
,,,,,,,44,MEMORY 16 GB DDR4 LAPTOP,29330998,Pablo,8/16/2024,1,,,,,,,,
,,,,,,,44,MEMORY 16 GB DDR4 LAPTOP,Update,Pablo,8/16/2024,1,,,,,,,,
,,,,,,,7,KEYBOARD NEW,29398565,Pablo,8/20/2024,2,,,,,,,,
,,,,,,,10,MONITORS NEW,29397200,Carlos A,8/21/2024,3,,,,,,,,
,,,,,,,7,KEYBOARD NEW,29397200,Carlos A,8/21/2024,1,,,,,,,,
,,,,,,,14,MOUSE NEW,29397200,Carlos A,8/21/2024,1,,,,,,,,
,,,,,,,1,WYSE,29397200,Carlos A,8/21/2024,1,,,,,,,,
,,,,,,,31,DISPLAYPORT ADAPTER,29397200,Carlos A,8/21/2024,1,,,,,,,,
,,,,,,,16,PHONE,29397200,Carlos A,8/21/2024,1,,,,,,,,
,,,,,,,10,MONITORS NEW,FORUM,Andres S,8/21/2024,3,,,,,,,,
,,,,,,,31,DISPLAYPORT ADAPTER,FORUM,Andres S,8/21/2024,5,,,,,,,,
,,,,,,,6,HEADSET-VARIOS 3.5,FORUM,Andres S,8/21/2024,3,,,,,,,,
,,,,,,,21,MOUSE PAD,FORUM,Andres S,8/21/2024,1,,,,,,,,
,,,,,,,26,UPS USED,FORUM,Andres S,8/21/2024,6,,,,,,,,
,,,,,,,37,MEMORY 16 GB DESKTOP,Torre 2,Andres A,8/22/2024,2,,,,,,,,
,,,,,,,21,MOUSE PAD,FORUM,Andres S,8/22/2024,5,,,,,,,,
,,,,,,,3,DESKTOP-HP,Update,Pablo,8/22/2024,1,,,,,,,,
,,,,,,,7,KEYBOARD NEW,Update,Pablo,8/22/2024,2,,,,,,,,
,,,,,,,22,EARPADS,Update,Pablo,8/22/2024,1,,,,,,,,
,,,,,,,31,DISPLAYPORT ADAPTER,Update,Pablo,8/22/2024,2,,,,,,,,
,,,,,,,1,WYSE,Update,Pablo,8/22/2024,4,,,,,,,,
,,,,,,,7,KEYBOARD NEW,29418053,Stiven,8/22/2024,1,,,,,,,,
,,,,,,,14,MOUSE NEW,29418053,Stiven,8/22/2024,1,,,,,,,,
,,,,,,,16,PHONE,29424186,Pablo,8/23/2024,1,,,,,,,,
,,,,,,,9,KEYBOARD USED,29428704,Carlos,8/24/2024,1,,,,,,,,
,,,,,,,9,KEYBOARD USED,29433816,Pablo,8/24/2024,1,,,,,,,,
,,,,,,,11,MONITORS USED,29423708,Andres A,8/25/2024,3,,,,,,,,
,,,,,,,12,MOUSE USED,29423708,Andres A,8/25/2024,2,,,,,,,,
,,,,,,,9,KEYBOARD USED,29423708,Andres A,8/25/2024,2,,,,,,,,
,,,,,,,31,DISPLAYPORT ADAPTER,29423708,Andres A,8/25/2024,2,,,,,,,,
,,,,,,,19,POWER STRIP,29423708,Andres A,8/25/2024,1,,,,,,,,
,,,,,,,16,PHONE,Torre 2,Andres A,8/25/2024,6,,,,,,,,
,,,,,,,45,SUPRESORES DE PICO,Torre 2,Andres A,8/25/2024,1,,,,,,,,
,,,,,,,14,MOUSE NEW,Torre 2,Andres A,8/25/2024,6,,,,,,,,
,,,,,,,11,MONITORS USED,29450655,Andres A,8/26/2024,1,,,,,,,,
,,,,,,,31,DISPLAYPORT ADAPTER,29450655,Andres A,8/26/2024,1,,,,,,,,
,,,,,,,10,MONITORS NEW,Torre 2,Andres A,8/26/2024,1,,,,,,,,
,,,,,,,10,MONITORS NEW,29457909,Pablo,8/26/2024,3,,,,,,,,
,,,,,,,31,DISPLAYPORT ADAPTER,29457909,Pablo,8/26/2024,3,,,,,,,,
,,,,,,,1,WYSE,29457909,Pablo,8/26/2024,3,,,,,,,,
,,,,,,,12,MOUSE USED,29457909,Pablo,8/26/2024,3,,,,,,,,
,,,,,,,9,KEYBOARD USED,29457909,Pablo,8/26/2024,3,,,,,,,,
,,,,,,,11,MONITORS USED,29462712,Pablo,8/27/2024,1,,,,,,,,
,,,,,,,18,SPEAKERS,29459827,Andres A,8/27/2024,1,,,,,,,,
,,,,,,,12,MOUSE USED,29468935,Pablo,8/28/2024,1,,,,,,,,
,,,,,,,10,MONITORS NEW,FORUM,Andres S,8/29/2024,3,,,,,,,,
,,,,,,,6,HEADSET-VARIOS 3.5,FORUM,Andres S,8/29/2024,2,,,,,,,,
,,,,,,,31,DISPLAYPORT ADAPTER,Jose,Pablo,8/30/2024,1,,,,,,,,
,,,,,,,1,WYSE,29486472,Carlos A,8/30/2024,1,,,,,,,,
,,,,,,,1,WYSE,29505467,Pablo,9/1/2024,1,,,,,,,,
,,,,,,,10,MONITORS NEW,29505467,Pablo,9/1/2024,2,,,,,,,,
,,,,,,,31,DISPLAYPORT ADAPTER,29505467,Pablo,9/1/2024,2,,,,,,,,
,,,,,,,8,KEYBOARD COMBO,29505467,Pablo,9/1/2024,3,,,,,,,,
,,,,,,,16,PHONE,29505467,Pablo,9/1/2024,1,,,,,,,,
,,,,,,,31,DISPLAYPORT ADAPTER,Update,Pablo,9/1/2024,2,,,,,,,,
,,,,,,,5,HEADSET-PLANTRONICS,29499301,Stiven,9/1/2024,1,,,,,,,,
,,,,,,,16,PHONE,Update,Pablo,9/1/2024,2,,,,,,,,
,,,,,,,7,KEYBOARD NEW,29499527,Stiven,9/1/2024,1,,,,,,,,
,,,,,,,14,MOUSE NEW,29499527,Stiven,9/1/2024,1,,,,,,,,
,,,,,,,1,WYSE,29499527,Stiven,9/1/2024,1,,,,,,,,
,,,,,,,16,PHONE,29499527,Stiven,9/1/2024,1,,,,,,,,
,,,,,,,31,DISPLAYPORT ADAPTER,29529435,Andres A,9/4/2024,1,,,,,,,,
,,,,,,,12,MOUSE USED,29509492,Carlos A,9/4/2024,1,,,,,,,,
,,,,,,,14,MOUSE NEW,29509492,Carlos A,9/4/2024,1,,,,,,,,
,,,,,,,7,KEYBOARD NEW,29510062,Carlos A,9/4/2024,2,,,,,,,,
,,,,,,,9,KEYBOARD USED,29510062,Carlos A,9/4/2024,1,,,,,,,,
,,,,,,,44,MEMORY 16 GB DDR4 LAPTOP,29542086,Andres A,9/5/2024,2,,,,,,,,
,,,,,,,16,PHONE,29545040,Pablo,9/5/2024,1,,,,,,,,
,,,,,,,7,KEYBOARD NEW,29545434,Pablo,9/5/2024,1,,,,,,,,
,,,,,,,7,KEYBOARD NEW,29517744,Carlos A,9/6/2024,2,,,,,,,,
,,,,,,,14,MOUSE NEW,29517744,Carlos A,9/6/2024,2,,,,,,,,
,,,,,,,10,MONITORS NEW,29517744,Carlos A,9/6/2024,2,,,,,,,,
,,,,,,,16,PHONE,29517744,Carlos A,9/6/2024,2,,,,,,,,
,,,,,,,1,WYSE,29517744,Carlos A,9/6/2024,2,,,,,,,,
,,,,,,,20,LAPTOPS NEW,29516521,Carlos A,9/6/2024,1,,,,,,,,
,,,,,,,10,MONITORS NEW,29555506,Carlos A,9/6/2024,1,,,,,,,,
,,,,,,,10,MONITORS NEW,Jose D.,Jose D ,9/6/2024,3,,,,,,,,
,,,,,,,31,DISPLAYPORT ADAPTER,Jose D.,Jose D ,9/6/2024,1,,,,,,,,
,,,,,,,14,MOUSE NEW,29564963,Andres A,9/7/2024,1,,,,,,,,
,,,,,,,31,DISPLAYPORT ADAPTER,29566180,Andres A,9/7/2024,1,,,,,,,,
,,,,,,,14,MOUSE NEW,Update,Pablo,9/7/2024,1,,,,,,,,
,,,,,,,16,PHONE,Update,Pablo,9/7/2024,1,,,,,,,,
,,,,,,,7,KEYBOARD NEW,29582137,Stiven,9/8/2024,1,,,,,,,,
,,,,,,,12,MOUSE USED,29582597,Stiven,9/8/2024,1,,,,,,,,
,,,,,,,34,WRISTPAD,Update,Jose D ,9/8/2024,1,,,,,,,,
,,,,,,,14,MOUSE NEW,29600451,Pablo,9/8/2024,1,,,,,,,,
,,,,,,,43,SSD SATA 240 GB,Update,Andres A,9/8/2024,1,,,,,,,,
,,,,,,,31,DISPLAYPORT ADAPTER,Update,Stiven,9/13/2024,1,,,,,,,,
,,,,,,,30,WEB CAM,29611252,Stiven,9/13/2024,6,,,,,,,,
,,,,,,,43,SSD SATA 240 GB,29611252,Stiven,9/13/2024,3,,,,,,,,
,,,,,,,1,WYSE,Update,,,2,,,,,,,,
,,,,,,,6,HEADSET-VARIOS 3.5,Update,Melanie,,5,,,,,,,,
,,,,,,,16,PHONE,Update ,,,3,,,,,,,,
,,,,,,,18,SPEAKERS,Update ,,,1,,,,,,,,
,,,,,,,23,HUB USB WITH RJ45 PORT,Update ,,,7,,,,,,,,
,,,,,,,6,HEADSET-VARIOS 3.5,FORUM,,,3,,,,,,,,
,,,,,,,20,LAPTOPS NEW,Update ,,,2,,,,,,,,
,,,,,,,6,HEADSET-VARIOS 3.5,29531845,Andres A,9/13/2024,2,,,,,,,,
,,,,,,,,,,,,,,,,,,,,
